slug,name_en,name_zh,category,country,deployed
escher,Escher,埃舍尔,fashion,China,true
hermes,Hermès,爱马仕,fashion,France,true
bmw,BMW,宝马,automotive,Germany,true
sony,Sony,索尼,electronics,Japan,true
nike,Nike,耐克,fashion,United States,true
chanel,Chanel,香奈儿,fashion,France,true
anheuser-busch,Anheuser-Busch,安海斯-布希,food,Belgium,true
aesop,Aesop,伊索,beauty,Australia,true
benetton,Benetton,贝纳通,fashion,Italy,true
chaumet,Chaumet,尚美巴黎,jewelry,France,true
a--lange-and-s-hne,A. Lange & Söhne,朗格,watch,Germany,true
adidas,Adidas,阿迪达斯,sport,Germany,true
lego,Lego,乐高,toy,Denmark,true
coca-cola,Coca-Cola,可口可乐,food,United States,true
ferrari,Ferrari,法拉利,automotive,Italy,true
loréal,L'Oréal,欧莱雅,beauty,France,true
apple,Apple,苹果,technology,United States,true
microsoft,Microsoft,微软,technology,United States,true
google,Google,谷歌,technology,United States,true
meta,Meta,Meta,technology,United States,true
tesla,Tesla,特斯拉,automotive,United States,true
disney,Disney,迪士尼,entertainment,United States,true
toyota,Toyota,丰田,automotive,Japan,true
samsung,Samsung,三星,technology,South Korea,true
starbucks,Starbucks,星巴克,food,United States,true
mercedes-benz,Mercedes-Benz,梅赛德斯-奔驰,automotive,Germany,true
netflix,Netflix,奈飞,technology,United States,true
nvidia,NVIDIA,英伟达,technology,United States,true
intel,Intel,英特尔,technology,United States,true
mcdonalds,McDonald's,麦当劳,food,United States,true
pepsi,Pepsi,百事,food,United States,true
kfc,KFC,肯德基,food,United States,true
pizza-hut,Pizza Hut,必胜客,food,United States,true
burger-king,Burger King,汉堡王,food,United States,true
subway,Subway,赛百味,food,United States,true
honda,Honda,本田,automotive,Japan,true
volkswagen,Volkswagen,大众,automotive,Germany,true
audi,Audi,奥迪,automotive,Germany,true
porsche,Porsche,保时捷,automotive,Germany,true
lg,LG,LG,technology,South Korea,true
hyundai,Hyundai,现代,automotive,South Korea,true
kia,Kia,起亚,automotive,South Korea,true
panasonic,Panasonic,松下,technology,Japan,true
canon,Canon,佳能,technology,Japan,true
nintendo,Nintendo,任天堂,technology,Japan,true
uniqlo,Uniqlo,优衣库,fashion,Japan,true
muji,Muji,无印良品,fashion,Japan,true
louis-vuitton,Louis Vuitton,路易威登,fashion-luxury,France,true
gucci,Gucci,古驰,fashion-luxury,Italy,true
prada,Prada,普拉达,fashion-luxury,Italy,true
versace,Versace,范思哲,fashion-luxury,Italy,true
dior,Dior,迪奥,fashion-luxury,France,true
yves-saint-laurent,Yves Saint Laurent,圣罗兰,fashion-luxury,France,true
balenciaga,Balenciaga,巴黎世家,fashion-luxury,France,true
cartier,Cartier,卡地亚,jewelry,France,true
tiffany-and-co,Tiffany & Co.,蒂芙尼,jewelry,United States,true
rolex,Rolex,劳力士,watch,Switzerland,true
omega,Omega,欧米茄,watch,Switzerland,true
patek-philippe,Patek Philippe,百达翡丽,watch,Switzerland,true
zara,Zara,飒拉,fashion,Spain,true
handm,H&M,H&M,fashion,Sweden,true
ikea,IKEA,宜家,retail,Sweden,true
lvmh,LVMH,路威酩轩,fashion-luxury,France,true
kering,Kering,开云,fashion-luxury,France,true
lacoste,Lacoste,鳄鱼,fashion,France,true
ralph-lauren,Ralph Lauren,拉夫·劳伦,fashion,United States,true
calvin-klein,Calvin Klein,卡尔文·克莱因,fashion,United States,true
tom-ford,Tom Ford,汤姆·福特,fashion-luxury,United States,true
burberry,Burberry,博柏利,fashion-luxury,United Kingdom,true
alexander-mcqueen,Alexander McQueen,亚历山大·麦昆,fashion-luxury,United Kingdom,true
nestl,Nestlé,雀巢,food,Switzerland,true
unilever,Unilever,联合利华,food,United Kingdom,true
pandg,P&G,宝洁,food,United States,true
red-bull,Red Bull,红牛,food,Austria,true
monster-energy,Monster Energy,怪兽,food,United States,true
loral,L'Oréal,欧莱雅,beauty,France,true
este-lauder,Estée Lauder,雅诗兰黛,beauty,United States,true
shiseido,Shiseido,资生堂,beauty,Japan,true
lancme,Lancôme,兰蔻,beauty,France,true
bottega-veneta,Bottega Veneta,Bottega Veneta,fashion-luxury,Italy,true
bulgari,Bulgari,Bulgari,fashion-luxury,Italy,true
christian-dior,Christian Dior,Christian Dior,fashion-luxury,France,true
marriott,Marriott,万豪酒店,hotel,United States,true
hennessy,Hennessy,轩尼诗,liquor,France,true
moet-chandon,Moët & Chandon,酩悦香槟,liquor,France,true
rolls-royce,Rolls-Royce,劳斯莱斯,automotive,UK,true
bentley,Bentley,宾利,automotive,UK,true
lamborghini,Lamborghini,兰博基尼,automotive,Italy,true
aston-martin,Aston Martin,阿斯顿·马丁,automotive,UK,true
maserati,Maserati,玛莎拉蒂,automotive,Italy,true
guinness|健力士|Guinness|food|爱尔兰都柏林（Dublin, Ireland）|1759|TRUE
carlsberg|嘉士伯|Carlsberg|food|丹麦哥本哈根|1847|TRUE
colgate|高露洁|Colgate|beauty|美国纽约|1806|TRUE
gillette|吉列|Gillette|beauty|美国波士顿|1901|TRUE
durex|杜蕾斯|Durex|consumer-goods|英国伦敦|1915|TRUE
visa|维萨|Visa|finance|美国加利福尼亚州|1958|TRUE
mastercard|万事达|Mastercard|finance|美国纽约|1966|TRUE
american-express|美国运通|American Express|finance|美国纽约|1850|TRUE
costco|好市多|Costco|retail|美国华盛顿州西雅图|1983|TRUE
walgreens|沃尔格林|Walgreens|retail|美国伊利诺伊州芝加哥|1901|TRUE
ibm|IBM|IBM|technology|美国纽约|1911|TRUE
oracle|甲骨文|Oracle|technology|美国加利福尼亚州|1977|TRUE
cisco|思科|Cisco|technology|美国加利福尼亚州圣何塞|1984|TRUE
jaguar|捷豹|Jaguar|auto|英国考文垂|1922|TRUE
land-rover|路虎|Land Rover|auto|英国索利哈尔|1948|TRUE
volvo|沃尔沃|Volvo|auto|瑞典哥德堡|1927|TRUE
mini|MINI|MINI|auto|英国伯明翰|1959|TRUE
fiat|菲亚特|Fiat|auto|意大利都灵|1899|TRUE
peugeot|标致|Peugeot|auto|法国索肖|1810|TRUE
citroen|雪铁龙|Citroën|auto|法国巴黎|1919|TRUE
tesla-motors|特斯拉汽车|Tesla Motors|auto|美国加利福尼亚州|2003|TRUE
mazda|马自达|Mazda|auto|日本广岛|1920|TRUE
subaru|斯巴鲁|Subaru|auto|日本东京|1953|TRUE
mitsubishi-motors|三菱汽车|Mitsubishi Motors|auto|日本东京|1970|TRUE
nissan|日产|Nissan|auto|日本横滨|1933|TRUE
givenchy|纪梵希|Givenchy|fashion-luxury|法国巴黎|1952|TRUE
fendi|芬迪|Fendi|fashion-luxury|意大利罗马|1925|TRUE
loewe|罗意威|Loewe|fashion-luxury|西班牙马德里|1846|TRUE
celine|赛琳|Celine|fashion-luxury|法国巴黎|1945|TRUE
miu-miu|缪缪|Miu Miu|fashion-luxury|意大利米兰|1993|TRUE
ysl|圣罗兰|Yves Saint Laurent|fashion-luxury|法国巴黎|1961|TRUE
audemars-piguet|爱彼|Audemars Piguet|fashion-luxury|瑞士勒布拉叙|1875|TRUE
krispy-kreme|卡仕奇甜甜圈|Krispy Kreme|food|美国北卡罗来纳州温斯顿-塞勒姆|1937|TRUE
7-eleven|7-Eleven|7-Eleven|retail|美国得克萨斯州达拉斯|1927|TRUE
gucci|古驰|Gucci|fashion-luxury|意大利佛罗伦萨|1921|TRUE
dominos|达美乐|Domino's|food|美国密歇根州伊普西兰蒂|1960|TRUE
hewlett-packard|惠普|HP|technology|美国加利福尼亚州帕洛阿尔托|1939|TRUE
dell|戴尔|Dell|technology|美国得克萨斯州奥斯汀|1984|TRUE
lenovo|联想|Lenovo|technology|中国北京|1984|TRUE
uber|优步|Uber|technology|美国加利福尼亚州旧金山|2009|TRUE
tencent|腾讯|Tencent|technology|中国深圳|1998|TRUE
alibaba|阿里巴巴|Alibaba|technology|中国杭州|1999|TRUE
baidu|百度|Baidu|technology|中国北京|2000|TRUE
bytedance|字节跳动|ByteDance|technology|中国北京|2012|TRUE
siemens|西门子|Siemens|technology|德国柏林|1847|TRUE
ge|通用电气|General Electric|technology|美国纽约|1892|TRUE
sap|SAP|SAP|technology|德国沃尔多夫|1972|TRUE
salesforce|Salesforce|Salesforce|technology|美国加利福尼亚州旧金山|1999|TRUE
pfizer|辉瑞|Pfizer|healthcare|美国纽约|1849|TRUE
novartis|诺华|Novartis|healthcare|瑞士巴塞尔|1996|TRUE
roche|罗氏|Roche|healthcare|瑞士巴塞尔|1896|TRUE
johnson-and-johnson|强生|Johnson & Johnson|healthcare|美国新泽西州新不伦瑞克|1886|TRUE
merck|默克|Merck|healthcare|美国新泽西州拉威|1891|TRUE
bayer|拜耳|Bayer|healthcare|德国伍珀塔尔|1863|TRUE
abbott|雅培|Abbott|healthcare|美国伊利诺伊州芝加哥|1888|TRUE
accenture|埃森哲|Accenture|technology|爱尔兰都柏林|1989|TRUE
deloitte|德勤|Deloitte|finance|英国伦敦|1845|TRUE
pwc|普华永道|PwC|finance|英国伦敦|1998|TRUE
ey|安永|EY|finance|英国伦敦|1989|TRUE
dupont|杜邦|DuPont|technology|美国特拉华州威明顿|1802|TRUE
basf|巴斯夫|BASF|technology|德国路德维希港|1865|TRUE
cnn|CNN|CNN|media|美国佐治亚州亚特兰大|1980|TRUE
bbc|BBC|BBC|media|英国伦敦|1922|TRUE
hilton|希尔顿|Hilton|hotel|美国得克萨斯州塞斯柯|1919|TRUE
hyatt|凯悦|Hyatt|hotel|美国加利福尼亚州洛杉矶|1957|TRUE
ihg|洲际酒店|IHG|hotel|英国伦敦|1777|TRUE
accor|雅高|Accor|hotel|法国巴黎|1967|TRUE
four-seasons|四季酒店|Four Seasons|hotel|加拿大多伦多|1960|TRUE
shangri-la|香格里拉|Shangri-La Hotels|hotel|中国香港|1971|TRUE
mandarin-oriental|文华东方|Mandarin Oriental|hotel|中国香港|1963|TRUE
ritz-carlton|丽思卡尔顿|Ritz-Carlton|hotel|美国马里兰州|1983|TRUE
wyndham|温德姆|Wyndham|hotel|美国新泽西州|1981|TRUE
emirates|阿联酋航空|Emirates|airline|阿联酋迪拜|1985|TRUE
singapore-airlines|新加坡航空|Singapore Airlines|airline|新加坡|1947|TRUE
qatar-airways|卡塔尔航空|Qatar Airways|airline|卡塔尔多哈|1993|TRUE
delta-air-lines|达美航空|Delta Air Lines|airline|美国佐治亚州亚特兰大|1924|TRUE
american-airlines|美国航空|American Airlines|airline|美国得克萨斯州沃斯堡|1930|TRUE
united-airlines|联合航空|United Airlines|airline|美国伊利诺伊州芝加哥|1926|TRUE
lufthansa|汉莎航空|Lufthansa|airline|德国科隆|1953|TRUE
british-airways|英国航空|British Airways|airline|英国伦敦|1974|TRUE
qantas|澳洲航空|Qantas|airline|澳大利亚昆士兰州|1920|TRUE
air-france|法国航空|Air France|airline|法国巴黎|1933|TRUE
puma|彪马|Puma|sportswear|德国黑措根奥拉赫|1948|TRUE
under-armour|安德玛|Under Armour|sportswear|美国马里兰州巴尔的摩|1996|TRUE
new-balance|新百伦|New Balance|sportswear|美国马萨诸塞州波士顿|1906|TRUE
asics|亚瑟士|ASICS|sportswear|日本神户市|1949|TRUE
converse|匡威|Converse|sportswear|美国马萨诸塞州马尔登|1908|TRUE
vans|范斯|Vans|sportswear|美国加利福尼亚州阿纳海姆|1966|TRUE
reebok|锐步|Reebok|sportswear|英国博尔顿|1958|TRUE
north-face|北面|The North Face|sportswear|美国加利福尼亚州旧金山|1966|TRUE
columbia|哥伦比亚|Columbia Sportswear|sportswear|美国俄勒冈州波特兰|1938|TRUE
patagonia|巴塔哥尼亚|Patagonia|sportswear|美国加利福尼亚州文图拉|1973|TRUE
estee-lauder|雅诗兰黛|Estée Lauder|cosmetics|美国纽约|1946|TRUE
chanel-beauty|香奈儿美妆|Chanel Beauty|cosmetics|法国巴黎|1910|TRUE
dior-beauty|迪奥美妆|Dior Beauty|cosmetics|法国巴黎|1946|TRUE
lancome|兰蔻|Lancôme|cosmetics|法国巴黎|1935|TRUE
clinique|倩碧|Clinique|cosmetics|美国纽约|1968|TRUE
mac-cosmetics|M·A·C|M·A·C Cosmetics|cosmetics|加拿大多伦多|1984|TRUE
aveda|艾梵达|Aveda|cosmetics|美国明尼苏达州|1978|TRUE
kiehls|契尔氏|Kiehl's|cosmetics|美国纽约|1851|TRUE
jpmorgan|摩根大通|JPMorgan Chase|finance|美国纽约|1799|TRUE
goldman-sachs|高盛|Goldman Sachs|finance|美国纽约|1869|TRUE
bank-of-america|美国银行|Bank of America|finance|美国北卡罗来纳州夏洛特|1904|TRUE
citigroup|花旗集团|Citigroup|finance|美国纽约|1812|TRUE
wells-fargo|富国银行|Wells Fargo|finance|美国加利福尼亚州旧金山|1852|TRUE
hsbc|汇丰|HSBC|finance|中国香港|1865|TRUE
ubs|瑞银集团|UBS|finance|瑞士苏黎世|1862|TRUE
icbc|工商银行|ICBC|finance|中国北京|1984|TRUE
nestle|雀巢|Nestlé|food|瑞士韦威|1866|TRUE
ford|福特|Ford|automotive|美国密歇根州迪尔伯恩|1903|TRUE
gm|通用汽车|General Motors|automotive|美国密歇根州底特律|1908|TRUE
walmart|沃尔玛|Walmart|retail|美国阿肯色州本顿维尔|1962|TRUE
target|塔吉特|Target|retail|美国明尼苏达州明尼阿波利斯|1902|TRUE
home-depot|家得宝|The Home Depot|retail|美国佐治亚州亚特兰大|1978|TRUE
jd-com|京东|JD.com|retail|中国北京|1998|TRUE
diageo|帝亚吉欧|Diageo|beverage|英国伦敦|1997|TRUE
heineken|喜力|Heineken|beverage|荷兰阿姆斯特丹|1864|TRUE
budweiser|百威|Budweiser|beverage|美国密苏里州圣路易斯|1876|TRUE
adobe|奥多比|Adobe|technology|美国加利福尼亚州圣何塞|1982|TRUE
vmware|威睿|VMware|technology|美国加利福尼亚州帕洛阿尔托|1998|TRUE
tiktok|抖音|TikTok|technology|中国北京|2016|TRUE
procter-gamble|宝洁|Procter & Gamble|consumer-goods|美国俄亥俄州辛辛那提|1837|TRUE
pepsico|百事公司|PepsiCo|consumer-goods|美国纽约|1898|TRUE
johnson-johnson|强生|Johnson & Johnson|healthcare|美国新泽西州新不伦瑞克|1886|TRUE
warner-bros|华纳兄弟|Warner Bros.|media|美国加利福尼亚州伯班克|1923|TRUE
sony-pictures|索尼影业|Sony Pictures|media|美国加利福尼亚州卡尔弗城|1987|TRUE
verizon|威瑞森|Verizon|telecom|美国纽约|1983|TRUE
at-t|AT&T|AT&T|telecom|美国得克萨斯州达拉斯|1877|TRUE
t-mobile|T-Mobile|T-Mobile|telecom|德国波恩|1990|TRUE
vodafone|沃达丰|Vodafone|telecom|英国纽伯里|1984|TRUE
healthpost|HealthPost|HealthPost|cosmetics||0|TRUE
jgb-company|JGB (company)|JGB (company)|cosmetics||0|TRUE
anthony-thomas-candy-company|Anthony Thomas Candy Company|Anthony Thomas Candy Company|food||0|TRUE
barambo|Barambo|Barambo|food||0|TRUE
beauty-lacchi-and-faluda|Beauty Lacchi and Faluda|Beauty Lacchi and Faluda|food||0|TRUE
canels|Canel's|Canel's|food||0|TRUE
carambar-co|Carambar & Co|Carambar & Co|food||0|TRUE
chupa-chups|Chupa Chups|Chupa Chups|food||0|TRUE
daintee|Daintee|Daintee|food||0|TRUE
dulces-miguelito|Dulces Miguelito|Dulces Miguelito|food||0|TRUE
fini-company|Fini (company)|Fini (company)|food||0|TRUE
france-pastry|France Pastry|France Pastry|food||0|TRUE
galletas-gulln|Galletas Gullón|Galletas Gullón|food||0|TRUE
hai-ha-confectionery|Hai Ha Confectionery|Hai Ha Confectionery|food||0|TRUE
kc-confectionery-limited|K.C. Confectionery Limited|K.C. Confectionery Limited|food||0|TRUE
leaf-candy-company|Leaf Candy Company|Leaf Candy Company|food||0|TRUE
matri-bhandar|Matri Bhandar|Matri Bhandar|food||0|TRUE
morozoff-ltd|Morozoff Ltd.|Morozoff Ltd.|food||0|TRUE
mynthon|Mynthon|Mynthon|food||0|TRUE
nestl-rossiya|Nestlé Rossiya|Nestlé Rossiya|food||0|TRUE
3t-cycling|3T Cycling|3T Cycling|general||0|TRUE
abarth|Abarth|Abarth|general||0|TRUE
abici|Abici|Abici|general||0|TRUE
accossato|Accossato|Accossato|general||0|TRUE
acqua-di-parma|Acqua di Parma|Acqua di Parma|general||0|TRUE
acube-systems-srl|ACube Systems Srl|ACube Systems Srl|general||0|TRUE
aeritalia|Aeritalia|Aeritalia|general||0|TRUE
aermacchi|Aermacchi|Aermacchi|general||0|TRUE
aeroitalia|AeroItalia|AeroItalia|general||0|TRUE
agip|Agip|Agip|general||0|TRUE
agnesi-company|Agnesi (company)|Agnesi (company)|general||0|TRUE
agusta|Agusta|Agusta|general||0|TRUE
agv-helmet-manufacturer|AGV (helmet manufacturer)|AGV (helmet manufacturer)|general||0|TRUE
aiazzone|Aiazzone|Aiazzone|general||0|TRUE
air-italy-20182020|Air Italy (2018–2020)|Air Italy (2018–2020)|general||0|TRUE
alan|ALAN|ALAN|general||0|TRUE
alenia-aermacchi|Alenia Aermacchi|Alenia Aermacchi|general||0|TRUE
alenia-aeronautica|Alenia Aeronautica|Alenia Aeronautica|general||0|TRUE
alessi-italian-company|Alessi (Italian company)|Alessi (Italian company)|general||0|TRUE
alfa-romeo|Alfa Romeo|Alfa Romeo|general||0|TRUE
lists-of-video-game-companies|Lists of video game companies|Lists of video game companies|technology||0|TRUE
african-risk-capacity|African Risk Capacity|African Risk Capacity|finance||0|TRUE
ageas-federal-life-insurance|Ageas Federal Life Insurance|Ageas Federal Life Insurance|finance||0|TRUE
banco-de-seguros-del-estado|Banco de Seguros del Estado|Banco de Seguros del Estado|finance||0|TRUE
friendly-society|Friendly society|Friendly society|finance||0|TRUE
lion-insurance-company|Lion Insurance Company|Lion Insurance Company|finance||0|TRUE
sanitas-health-insurance|Sanitas (health insurance)|Sanitas (health insurance)|finance||0|TRUE
westfield-insurance|Westfield Insurance|Westfield Insurance|finance||0|TRUE
telecommunications-company|Telecommunications company|Telecommunications company|telecom||0|TRUE
c-band-alliance|C-Band Alliance|C-Band Alliance|telecom||0|TRUE
call-through-telecom|Call-through telecom|Call-through telecom|telecom||0|TRUE
electronic-beats|Electronic Beats|Electronic Beats|telecom||0|TRUE
freedomfi|FreedomFi|FreedomFi|telecom||0|TRUE
interexchange-carrier|Interexchange carrier|Interexchange carrier|telecom||0|TRUE
iq-group|IQ Group|IQ Group|telecom||0|TRUE
lotusflare|LotusFlare|LotusFlare|telecom||0|TRUE
network-service-provider|Network service provider|Network service provider|telecom||0|TRUE
onem2m|OneM2M|OneM2M|telecom||0|TRUE
really-wireless|Really Wireless|Really Wireless|telecom||0|TRUE
vodafone-ukraine|Vodafone Ukraine|Vodafone Ukraine|telecom||0|TRUE
333-premium-export-beer|333 Premium Export Beer|333 Premium Export Beer|beverage||0|TRUE
1664-beer|1664 (beer)|1664 (beer)|beverage||0|TRUE
a-le-coq|A. Le Coq|A. Le Coq|beverage||0|TRUE
ab-inbev-brands|AB InBev brands|AB InBev brands|beverage||0|TRUE
archipelago-brewery|Archipelago Brewery|Archipelago Brewery|beverage||0|TRUE
asia-brewery|Asia Brewery|Asia Brewery|beverage||0|TRUE
asmara-brewery|Asmara Brewery|Asmara Brewery|beverage||0|TRUE
bali-hai-beer|Bali Hai Beer|Bali Hai Beer|beverage||0|TRUE
belikin|Belikin|Belikin|beverage||0|TRUE
bier-hoi-brewing-company|Bier Hoi Brewing Company|Bier Hoi Brewing Company|beverage||0|TRUE
birra-kaon|Birra Kaon|Birra Kaon|beverage||0|TRUE
birra-kora|Birra Korça|Birra Korça|beverage||0|TRUE
birra-stela|Birra Stela|Birra Stela|beverage||0|TRUE
birra-tirana|Birra Tirana|Birra Tirana|beverage||0|TRUE
birzeit-brewery|Birzeit Brewery|Birzeit Brewery|beverage||0|TRUE
boon-rawd-brewery|Boon Rawd Brewery|Boon Rawd Brewery|beverage||0|TRUE
brasserie-dachouffe|Brasserie d'Achouffe|Brasserie d'Achouffe|beverage||0|TRUE
brasseries-de-bourbon|Brasseries de Bourbon|Brasseries de Bourbon|beverage||0|TRUE
brewery-puntigam|Brewery Puntigam|Brewery Puntigam|beverage||0|TRUE
brooklyn-brewery|Brooklyn Brewery|Brooklyn Brewery|beverage||0|TRUE
airline|Airline|Airline|airline||0|TRUE
air-boyoma|Air Boyoma|Air Boyoma|airline||0|TRUE
airline-codes|Airline codes|Airline codes|airline||0|TRUE
flag-carrier|Flag carrier|Flag carrier|airline||0|TRUE
intrastate-airline|Intrastate airline|Intrastate airline|airline||0|TRUE
airport-and-airline-management|Airport and airline management|Airport and airline management|airline||0|TRUE
non-scheduled-airline|Non-scheduled airline|Non-scheduled airline|airline||0|TRUE
texas-aeronautics-commission|Texas Aeronautics Commission|Texas Aeronautics Commission|airline||0|TRUE
airline-trading-card|Airline trading card|Airline trading card|airline||0|TRUE
3d-systems|3D Systems|3D Systems|general||0|TRUE
abbott-laboratories|Abbott Laboratories|Abbott Laboratories|general||0|TRUE
acn-inc|ACN Inc.|ACN Inc.|general||0|TRUE
active-network-llc|Active Network, LLC|Active Network, LLC|general||0|TRUE
adobe-inc|Adobe Inc.|Adobe Inc.|general||0|TRUE
aerohive-networks|Aerohive Networks|Aerohive Networks|general||0|TRUE
albavisin|Albavisión|Albavisión|general||0|TRUE
alpacadb|AlpacaDB|AlpacaDB|general||0|TRUE
alphabet-inc|Alphabet Inc.|Alphabet Inc.|general||0|TRUE
altria|Altria|Altria|general||0|TRUE
alvaria|Alvaria|Alvaria|general||0|TRUE
amazon-company|Amazon (company)|Amazon (company)|general||0|TRUE
amelia-company|Amelia (company)|Amelia (company)|general||0|TRUE
american-sugar-refining|American Sugar Refining|American Sugar Refining|general||0|TRUE
amgen|Amgen|Amgen|general||0|TRUE
apple-inc|Apple Inc.|Apple Inc.|general||0|TRUE
applied-spectral-imaging|Applied Spectral Imaging|Applied Spectral Imaging|general||0|TRUE
aramark|Aramark|Aramark|general||0|TRUE
associated-oil-company|Associated Oil Company|Associated Oil Company|general||0|TRUE
att|AT&T|AT&T|general||0|TRUE
avaya|Avaya|Avaya|general||0|TRUE
baxter-international|Baxter International|Baxter International|general||0|TRUE
berkshire-hathaway|Berkshire Hathaway|Berkshire Hathaway|general||0|TRUE
best-buy|Best Buy|Best Buy|general||0|TRUE
bioverativ|Bioverativ|Bioverativ|general||0|TRUE
boeing|Boeing|Boeing|general||0|TRUE
branson-ultrasonics|Branson Ultrasonics|Branson Ultrasonics|general||0|TRUE
brinker-international|Brinker International|Brinker International|general||0|TRUE
cameron-international|Cameron International|Cameron International|general||0|TRUE
the-cartoon-network-inc|The Cartoon Network, Inc.|The Cartoon Network, Inc.|general||0|TRUE
caterpillar-inc|Caterpillar Inc.|Caterpillar Inc.|general||0|TRUE
7-brew|7 Brew|7 Brew|food||0|TRUE
an-giang-coffee|An Giang Coffee|An Giang Coffee|food||0|TRUE
angel-in-us|Angel-in-us|Angel-in-us|food||0|TRUE
arabica|% Arabica|% Arabica|food||0|TRUE
bacha-coffee|Bacha Coffee|Bacha Coffee|food||0|TRUE
barcaffe|Barcaffe|Barcaffe|food||0|TRUE
bewleys|Bewley's|Bewley's|food||0|TRUE
bigface|Bigface|Bigface|food||0|TRUE
black-ivory-coffee|Black Ivory Coffee|Black Ivory Coffee|food||0|TRUE
black-rifle-coffee-company|Black Rifle Coffee Company|Black Rifle Coffee Company|food||0|TRUE
bluestone-lane|Bluestone Lane|Bluestone Lane|food||0|TRUE
bokar-coffee|Bokar Coffee|Bokar Coffee|food||0|TRUE
boss-coffee|Boss Coffee|Boss Coffee|food||0|TRUE
bridgehead-coffee|Bridgehead Coffee|Bridgehead Coffee|food||0|TRUE
brown-coffee|Brown Coffee|Brown Coffee|food||0|TRUE
bushells|Bushells|Bushells|food||0|TRUE
caf-amazon|Café Amazon|Café Amazon|food||0|TRUE
caf-britt|Café Britt|Café Britt|food||0|TRUE
caf-bustelo|Café Bustelo|Café Bustelo|food||0|TRUE
caf-coffee-day|Café Coffee Day|Café Coffee Day|food||0|TRUE
luxury-goods|Luxury goods|Luxury goods|fashion-luxury||0|TRUE
designer-label|Designer label|Designer label|fashion-luxury||0|TRUE
mid-luxury|Mid-luxury|Mid-luxury|fashion-luxury||0|TRUE
world-luxury-association|World Luxury Association|World Luxury Association|fashion-luxury||0|TRUE
10-corso-como|10 Corso Como|10 Corso Como|fashion-luxury||0|TRUE
21c-museum-hotels|21c Museum Hotels|21c Museum Hotels|fashion-luxury||0|TRUE
aesop-brand|Aesop (brand)|Aesop (brand)|fashion-luxury||0|TRUE
albion-co-ltd|Albion Co., Ltd.|Albion Co., Ltd.|fashion-luxury||0|TRUE
alden-shoe-company|Alden Shoe Company|Alden Shoe Company|fashion-luxury||0|TRUE
alor-company|Alor (company)|Alor (company)|fashion-luxury||0|TRUE
altagamma|Altagamma|Altagamma|fashion-luxury||0|TRUE
aman-resorts|Aman Resorts|Aman Resorts|fashion-luxury||0|TRUE
ami-paris|AMI Paris|AMI Paris|fashion-luxury||0|TRUE
amouage|Amouage|Amouage|fashion-luxury||0|TRUE
andre-garcia-brand|Andre Garcia (brand)|Andre Garcia (brand)|fashion-luxury||0|TRUE
anonimo|Anonimo|Anonimo|fashion-luxury||0|TRUE
arcadia-watches|Arcadia Watches|Arcadia Watches|fashion-luxury||0|TRUE
armand-nicolet|Armand Nicolet|Armand Nicolet|fashion-luxury||0|TRUE
arriva-max|Arriva Max|Arriva Max|fashion-luxury||0|TRUE
arriva-sapphire|Arriva Sapphire|Arriva Sapphire|fashion-luxury||0|TRUE
aar-busbahn|AAR bus+bahn|AAR bus+bahn|general||0|TRUE
abb|ABB|ABB|general||0|TRUE
actelion|Actelion|Actelion|general||0|TRUE
aebi|AEBI|AEBI|general||0|TRUE
aldi-talk|Aldi Talk|Aldi Talk|general||0|TRUE
alpa|Alpa|Alpa|general||0|TRUE
alprose|Alprose|Alprose|general||0|TRUE
ammann-group|Ammann Group|Ammann Group|general||0|TRUE
arctic-gmbh|Arctic GmbH|Arctic GmbH|general||0|TRUE
au-bijou|Au Bijou|Au Bijou|general||0|TRUE
automobilfabrik-orion-ag|Automobilfabrik Orion AG|Automobilfabrik Orion AG|general||0|TRUE
avaloq|Avaloq|Avaloq|general||0|TRUE
bally-fashion-house|Bally (fashion house)|Bally (fashion house)|general||0|TRUE
bamix|Bamix|Bamix|general||0|TRUE
bata-corporation|Bata Corporation|Bata Corporation|general||0|TRUE
belimo-holding|BELIMO Holding|BELIMO Holding|general||0|TRUE
berna|Berna|Berna|general||0|TRUE
bernafon|Bernafon|Bernafon|general||0|TRUE
bernina-international|Bernina International|Bernina International|general||0|TRUE
bmc-switzerland|BMC Switzerland|BMC Switzerland|general||0|TRUE
aurora-chain|Aurora (chain)|Aurora (chain)|retail||0|TRUE
99-sushi-bar|99 Sushi Bar|99 Sushi Bar|food||0|TRUE
the-alley-company|The Alley (company)|The Alley (company)|food||0|TRUE
artichoke-basilles-pizza|Artichoke Basille's Pizza|Artichoke Basille's Pizza|food||0|TRUE
bajeko-sekuwa|Bajeko Sekuwa|Bajeko Sekuwa|food||0|TRUE
burger-21|Burger 21|Burger 21|food||0|TRUE
dcost|D'Cost|D'Cost|food||0|TRUE
ding-tea|Ding Tea|Ding Tea|food||0|TRUE
domin-chile|Dominó (Chile)|Dominó (Chile)|food||0|TRUE
elephant-castle-restaurant|Elephant & Castle (restaurant)|Elephant & Castle (restaurant)|food||0|TRUE
hamericas|Hamerica's|Hamerica's|food||0|TRUE
happy-restaurant|Happy (restaurant)|Happy (restaurant)|food||0|TRUE
happy-lemon|Happy Lemon|Happy Lemon|food||0|TRUE
juan-maestro|Juan Maestro|Juan Maestro|food||0|TRUE
junbi|Junbi|Junbi|food||0|TRUE
karims|Karim's|Karim's|food||0|TRUE
la-cage-brasserie-sportive|La Cage – Brasserie sportive|La Cage – Brasserie sportive|food||0|TRUE
matcha-cafe-maiko|Matcha Cafe Maiko|Matcha Cafe Maiko|food||0|TRUE
nanas-green-tea|Nana's Green Tea|Nana's Green Tea|food||0|TRUE
pizza-celentano|Pizza Celentano|Pizza Celentano|food||0|TRUE
2rule|2Rule|2Rule|sportswear||0|TRUE
2xu|2XU|2XU|sportswear||0|TRUE
4f-company|4F (company)|4F (company)|sportswear||0|TRUE
47-brand|'47 (brand)|'47 (brand)|sportswear||0|TRUE
361-degrees|361 Degrees|361 Degrees|sportswear||0|TRUE
afca-clothing|A.F.C.A (clothing)|A.F.C.A (clothing)|sportswear||0|TRUE
ab-sport|AB Sport|AB Sport|sportswear||0|TRUE
abc-mart|ABC-Mart|ABC-Mart|sportswear||0|TRUE
acerbis|Acerbis|Acerbis|sportswear||0|TRUE
admiral-sportswear|Admiral Sportswear|Admiral Sportswear|sportswear||0|TRUE
afa-sports|AFA Sports|AFA Sports|sportswear||0|TRUE
affliction-clothing|Affliction Clothing|Affliction Clothing|sportswear||0|TRUE
air-jordan|Air Jordan|Air Jordan|sportswear||0|TRUE
airness|Airness|Airness|sportswear||0|TRUE
alanic-brand|Alanic (brand)|Alanic (brand)|sportswear||0|TRUE
alnasser-sportswear|Alnasser (sportswear)|Alnasser (sportswear)|sportswear||0|TRUE
alo-yoga|Alo Yoga|Alo Yoga|sportswear||0|TRUE
alphatauri-fashion-brand|AlphaTauri (fashion brand)|AlphaTauri (fashion brand)|sportswear||0|TRUE
alpine-pro|Alpine Pro|Alpine Pro|sportswear||0|TRUE
alpinestars|Alpinestars|Alpinestars|sportswear||0|TRUE
charles-river-laboratories|Charles River Laboratories|Charles River Laboratories|general||0|TRUE
chemence|Chemence|Chemence|general||0|TRUE
chemours|Chemours|Chemours|general||0|TRUE
chevron-corporation|Chevron Corporation|Chevron Corporation|general||0|TRUE
church-of-scientology|Church of Scientology|Church of Scientology|general||0|TRUE
cision|Cision|Cision|general||0|TRUE
civeo-corporation|Civeo Corporation|Civeo Corporation|general||0|TRUE
clean-harbors|Clean Harbors|Clean Harbors|general||0|TRUE
clopay-plastic-products|Clopay Plastic Products|Clopay Plastic Products|general||0|TRUE
clorox|Clorox|Clorox|general||0|TRUE
the-coca-cola-company|The Coca-Cola Company|The Coca-Cola Company|general||0|TRUE
columbia-machine|Columbia Machine|Columbia Machine|general||0|TRUE
comcast|Comcast|Comcast|general||0|TRUE
conagra-brands|Conagra Brands|Conagra Brands|general||0|TRUE
confluent|Confluent|Confluent|general||0|TRUE
conocophillips|ConocoPhillips|ConocoPhillips|general||0|TRUE
cooper-standard-automotive|Cooper-Standard Automotive|Cooper-Standard Automotive|general||0|TRUE
corgan-company|Corgan (company)|Corgan (company)|general||0|TRUE
crowley-maritime|Crowley Maritime|Crowley Maritime|general||0|TRUE
danaher-corporation|Danaher Corporation|Danaher Corporation|general||0|TRUE
astera-labs|Astera Labs|Astera Labs|technology||0|TRUE
carel-industries|Carel Industries|Carel Industries|technology||0|TRUE
electroplanet|Electroplanet|Electroplanet|technology||0|TRUE
methode-electronics|Methode Electronics|Methode Electronics|technology||0|TRUE
octopart|Octopart|Octopart|technology||0|TRUE
power-company|Power (company)|Power (company)|technology||0|TRUE
darden-restaurants|Darden Restaurants|Darden Restaurants|general||0|TRUE
dell-technologies|Dell Technologies|Dell Technologies|general||0|TRUE
digital-ocean|Digital Ocean|Digital Ocean|general||0|TRUE
digital-river|Digital River|Digital River|general||0|TRUE
discovery-inc|Discovery, Inc.|Discovery, Inc.|general||0|TRUE
disney-branded-television|Disney Branded Television|Disney Branded Television|general||0|TRUE
dude-perfect|Dude Perfect|Dude Perfect|general||0|TRUE
ebay|EBay|EBay|general||0|TRUE
ebix|Ebix|Ebix|general||0|TRUE
electronic-arts|Electronic Arts|Electronic Arts|general||0|TRUE
electronic-data-systems|Electronic Data Systems|Electronic Data Systems|general||0|TRUE
eli-lilly-and-company|Eli Lilly and Company|Eli Lilly and Company|general||0|TRUE
emerson-electric|Emerson Electric|Emerson Electric|general||0|TRUE
erhc|ERHC|ERHC|general||0|TRUE
abdul-latif-jameel|Abdul Latif Jameel|Abdul Latif Jameel|automotive||0|TRUE
cal-looker|Cal looker|Cal looker|automotive||0|TRUE
aethel-mining|Aethel Mining|Aethel Mining|energy||0|TRUE
american-placer-corporation|American Placer Corporation|American Placer Corporation|energy||0|TRUE
dmt-company|DMT (company)|DMT (company)|energy||0|TRUE
kinross-gold|Kinross Gold|Kinross Gold|energy||0|TRUE
nova-dies-bvi-ibc|Nova Dies BVI IBC|Nova Dies BVI IBC|energy||0|TRUE
panama-papers|Panama Papers|Panama Papers|energy||0|TRUE
pandora-papers|Pandora Papers|Pandora Papers|energy||0|TRUE
piedmont-lithium|Piedmont Lithium|Piedmont Lithium|energy||0|TRUE
poderosa|Poderosa|Poderosa|energy||0|TRUE
ro-tinto-minera|Río Tinto Minera|Río Tinto Minera|energy||0|TRUE
selection-trust|Selection Trust|Selection Trust|energy||0|TRUE
the-black-sand-and-gold-recovery-company|The Black Sand and Gold Recovery Company|The Black Sand and Gold Recovery Company|energy||0|TRUE
the-north-shore-reduction-company|The North Shore Reduction Company|The North Shore Reduction Company|energy||0|TRUE
unin-minera-del-norte|Unión Minera del Norte|Unión Minera del Norte|energy||0|TRUE
wellex-industries|Wellex Industries|Wellex Industries|energy||0|TRUE
aardman-animations|Aardman Animations|Aardman Animations|general||0|TRUE
abbey-well|Abbey Well|Abbey Well|general||0|TRUE
ability-office|Ability Office|Ability Office|general||0|TRUE
anew-hotels-resorts|ANEW Hotels & Resorts|ANEW Hotels & Resorts|hotel||0|TRUE
archipelago-international|Archipelago International|Archipelago International|hotel||0|TRUE
astoria-hotels-and-resorts|Astoria Hotels and Resorts|Astoria Hotels and Resorts|hotel||0|TRUE
auberge-resorts|Auberge Resorts|Auberge Resorts|hotel||0|TRUE
avani-hotels-resorts|Avani Hotels & Resorts|Avani Hotels & Resorts|hotel||0|TRUE
azimut-hotels|Azimut Hotels|Azimut Hotels|hotel||0|TRUE
banyan-group|Banyan Group|Banyan Group|hotel||0|TRUE
beaches-resorts|Beaches Resorts|Beaches Resorts|hotel||0|TRUE
cham-palaces-and-hotels|Cham Palaces and Hotels|Cham Palaces and Hotels|hotel||0|TRUE
continental-hotels|Continental Hotels|Continental Hotels|hotel||0|TRUE
corinthia-hotels|Corinthia Hotels|Corinthia Hotels|hotel||0|TRUE
couples-resorts|Couples Resorts|Couples Resorts|hotel||0|TRUE
dalata-hotel-group|Dalata Hotel Group|Dalata Hotel Group|hotel||0|TRUE
dorchester-collection|Dorchester Collection|Dorchester Collection|hotel||0|TRUE
the-doyle-collection|The Doyle Collection|The Doyle Collection|hotel||0|TRUE
dusit-international|Dusit International|Dusit International|hotel||0|TRUE
easyhotel|EasyHotel|EasyHotel|hotel||0|TRUE
fasano-group|Fasano Group|Fasano Group|hotel||0|TRUE
go-hotels|Go Hotels|Go Hotels|hotel||0|TRUE
grecotel|Grecotel|Grecotel|hotel||0|TRUE
apc|A.P.C.|A.P.C.|fashion||0|TRUE
acqua-limone|Acqua Limone|Acqua Limone|fashion||0|TRUE
aim-leon-dore|Aimé Leon Dore|Aimé Leon Dore|fashion||0|TRUE
akoo|AKOO|AKOO|fashion||0|TRUE
alain-figaret|Alain Figaret|Alain Figaret|fashion||0|TRUE
allsaints|AllSaints|AllSaints|fashion||0|TRUE
american-eagle-outfitters|American Eagle Outfitters|American Eagle Outfitters|fashion||0|TRUE
anne-fontaine-brand|Anne Fontaine (brand)|Anne Fontaine (brand)|fashion||0|TRUE
arckiv|Arckiv|Arckiv|fashion||0|TRUE
armoire-officielle|Armoire Officielle|Armoire Officielle|fashion||0|TRUE
arthur-galan-ag|Arthur Galan AG|Arthur Galan AG|fashion||0|TRUE
bellerose-belgium|Bellerose Belgium|Bellerose Belgium|fashion||0|TRUE
bensimon-brand|Bensimon (brand)|Bensimon (brand)|fashion||0|TRUE
bloch-company|Bloch (company)|Bloch (company)|fashion||0|TRUE
bluenotes|Bluenotes|Bluenotes|fashion||0|TRUE
bogart-man|Bogart Man|Bogart Man|fashion||0|TRUE
bonia-fashion|Bonia (fashion)|Bonia (fashion)|fashion||0|TRUE
bosideng|Bosideng|Bosideng|fashion||0|TRUE
callisti|Callisti|Callisti|fashion||0|TRUE
canterbury-of-new-zealand|Canterbury of New Zealand|Canterbury of New Zealand|fashion||0|TRUE
7-days-inn|7 Days Inn|7 Days Inn|general||0|TRUE
9-air|9 Air|9 Air|general||0|TRUE
10or|10.or|10.or|general||0|TRUE
360-secure-browser|360 Secure Browser|360 Secure Browser|general||0|TRUE
accelink-technologies|Accelink Technologies|Accelink Technologies|general||0|TRUE
acfun|AcFun|AcFun|general||0|TRUE
actions-technology|Actions Technology|Actions Technology|general||0|TRUE
aero-engine-corporation-of-china|Aero Engine Corporation of China|Aero Engine Corporation of China|general||0|TRUE
agricultural-bank-of-china|Agricultural Bank of China|Agricultural Bank of China|general||0|TRUE
aigo|Aigo|Aigo|general||0|TRUE
air-china|Air China|Air China|general||0|TRUE
air-travel-airline|Air Travel (airline)|Air Travel (airline)|general||0|TRUE
airmate|Airmate|Airmate|general||0|TRUE
aiways|Aiways|Aiways|general||0|TRUE
alcatel-mobile|Alcatel Mobile|Alcatel Mobile|general||0|TRUE
alibaba-group|Alibaba Group|Alibaba Group|general||0|TRUE
alimusic|AliMusic|AliMusic|general||0|TRUE
alios|AliOS|AliOS|general||0|TRUE
alipay|Alipay|Alipay|general||0|TRUE
allwinner-technology|Allwinner Technology|Allwinner Technology|general||0|TRUE
aim-immunotech|AIM ImmunoTech|AIM ImmunoTech|healthcare||0|TRUE
akorn|Akorn|Akorn|healthcare||0|TRUE
alnylam-pharmaceuticals|Alnylam Pharmaceuticals|Alnylam Pharmaceuticals|healthcare||0|TRUE
alzheon|Alzheon|Alzheon|healthcare||0|TRUE
arbutus-biopharma|Arbutus Biopharma|Arbutus Biopharma|healthcare||0|TRUE
arena-pharmaceuticals|Arena Pharmaceuticals|Arena Pharmaceuticals|healthcare||0|TRUE
array-biopharma|Array BioPharma|Array BioPharma|healthcare||0|TRUE
aryogen|AryoGen|AryoGen|healthcare||0|TRUE
baxalta|Baxalta|Baxalta|healthcare||0|TRUE
benitec-biopharma|Benitec Biopharma|Benitec Biopharma|healthcare||0|TRUE
beone-medicines|BeOne Medicines|BeOne Medicines|healthcare||0|TRUE
biocryst-pharmaceuticals|BioCryst Pharmaceuticals|BioCryst Pharmaceuticals|healthcare||0|TRUE
biological-e-limited|Biological E. Limited|Biological E. Limited|healthcare||0|TRUE
biondvax|BiondVax|BiondVax|healthcare||0|TRUE
biosplice-therapeutics|Biosplice Therapeutics|Biosplice Therapeutics|healthcare||0|TRUE
botswana-vaccine-institute|Botswana Vaccine Institute|Botswana Vaccine Institute|healthcare||0|TRUE
china-biologic-products|China Biologic Products|China Biologic Products|healthcare||0|TRUE
cinnagen|Cinnagen|Cinnagen|healthcare||0|TRUE
cipla|Cipla|Cipla|healthcare||0|TRUE
csl-behring|CSL Behring|CSL Behring|healthcare||0|TRUE
pyongyang-restaurant-chain|Pyongyang (restaurant chain)|Pyongyang (restaurant chain)|food||0|TRUE
rey-amargo|Rey Amargo|Rey Amargo|food||0|TRUE
rostipollos|Rostipollos|Rostipollos|food||0|TRUE
spizzico|Spizzico|Spizzico|food||0|TRUE
tiger-sugar|Tiger Sugar|Tiger Sugar|food||0|TRUE
trung-nguyn-legend-caf|Trung Nguyên Legend Café|Trung Nguyên Legend Café|food||0|TRUE
the-hoxton|The Hoxton|The Hoxton|hotel||0|TRUE
impala-hotel-group|Impala Hotel Group|Impala Hotel Group|hotel||0|TRUE
isrotel|Isrotel|Isrotel|hotel||0|TRUE
kempinski|Kempinski|Kempinski|hotel||0|TRUE
kuriftu-resorts-spa|Kuriftu Resorts & Spa|Kuriftu Resorts & Spa|hotel||0|TRUE
langham-hospitality-group|Langham Hospitality Group|Langham Hospitality Group|hotel||0|TRUE
magnuson-hotels|Magnuson Hotels|Magnuson Hotels|hotel||0|TRUE
mandarin-oriental-hotel-group|Mandarin Oriental Hotel Group|Mandarin Oriental Hotel Group|hotel||0|TRUE
maybourne|Maybourne|Maybourne|hotel||0|TRUE
le-mridien|Le Méridien|Le Méridien|hotel||0|TRUE
minor-hotels|Minor Hotels|Minor Hotels|hotel||0|TRUE
minor-international|Minor International|Minor International|hotel||0|TRUE
nh-hotel-group|NH Hotel Group|NH Hotel Group|hotel||0|TRUE
nickelodeon-hotels-and-resorts|Nickelodeon Hotels and Resorts|Nickelodeon Hotels and Resorts|hotel||0|TRUE
amazfit|Amazfit|Amazfit|general||0|TRUE
amoi|Amoi|Amoi|general||0|TRUE
anbang|Anbang|Anbang|general||0|TRUE
anhui-conch-cement|Anhui Conch Cement|Anhui Conch Cement|general||0|TRUE
anhui-heli|Anhui Heli|Anhui Heli|general||0|TRUE
ankai|Ankai|Ankai|general||0|TRUE
anta-sports|Anta Sports|Anta Sports|general||0|TRUE
antaeus-cinema-line|Antaeus Cinema Line|Antaeus Cinema Line|general||0|TRUE
antutu|AnTuTu|AnTuTu|general||0|TRUE
aoxin|Aoxin|Aoxin|general||0|TRUE
apsystems|APsystems|APsystems|general||0|TRUE
aputure|Aputure|Aputure|general||0|TRUE
arcfox|Arcfox|Arcfox|general||0|TRUE
atl-company|ATL (company)|ATL (company)|general||0|TRUE
autel-robotics|Autel Robotics|Autel Robotics|general||0|TRUE
autonavi|AutoNavi|AutoNavi|general||0|TRUE
aux-company|AUX (company)|AUX (company)|general||0|TRUE
avatr-technology|Avatr Technology|Avatr Technology|general||0|TRUE
aviation-industry-corporation-of-china|Aviation Industry Corporation of China|Aviation Industry Corporation of China|general||0|TRUE
baic-bluepark|BAIC BluePark|BAIC BluePark|general||0|TRUE
assouline-publishing|Assouline Publishing|Assouline Publishing|fashion-luxury||0|TRUE
aux-etats-unis|Aux Etats-Unis|Aux Etats-Unis|fashion-luxury||0|TRUE
aviteur|Aviteur|Aviteur|fashion-luxury||0|TRUE
backes-strauss|Backes & Strauss|Backes & Strauss|fashion-luxury||0|TRUE
ballantyne-company|Ballantyne (company)|Ballantyne (company)|fashion-luxury||0|TRUE
bb-italia|B&B Italia|B&B Italia|fashion-luxury||0|TRUE
bang-olufsen|Bang & Olufsen|Bang & Olufsen|fashion-luxury||0|TRUE
barbour-company|Barbour (company)|Barbour (company)|fashion-luxury||0|TRUE
bareez|Bareezé|Bareezé|fashion-luxury||0|TRUE
barneys-new-york|Barneys New York|Barneys New York|fashion-luxury||0|TRUE
barrows-stores|Barrow's Stores|Barrow's Stores|fashion-luxury||0|TRUE
baume-et-mercier|Baume et Mercier|Baume et Mercier|fashion-luxury||0|TRUE
bausele|Bausele|Bausele|fashion-luxury||0|TRUE
belber|Belber|Belber|fashion-luxury||0|TRUE
bell-ross|Bell & Ross|Bell & Ross|fashion-luxury||0|TRUE
bellerby-co-globemakers|Bellerby & Co, Globemakers|Bellerby & Co, Globemakers|fashion-luxury||0|TRUE
stefano-bemer|Stefano Bemer|Stefano Bemer|fashion-luxury||0|TRUE
bernhardt-design|Bernhardt Design|Bernhardt Design|fashion-luxury||0|TRUE
bernini-fashion|Bernini (fashion)|Bernini (fashion)|fashion-luxury||0|TRUE
bhima-jewellers|Bhima Jewellers|Bhima Jewellers|fashion-luxury||0|TRUE
cubist-pharmaceuticals|Cubist Pharmaceuticals|Cubist Pharmaceuticals|healthcare||0|TRUE
curaxys|Curaxys|Curaxys|healthcare||0|TRUE
curevac|CureVac|CureVac|healthcare||0|TRUE
debiopharm|Debiopharm|Debiopharm|healthcare||0|TRUE
definium-therapeutics|Definium Therapeutics|Definium Therapeutics|healthcare||0|TRUE
delix-therapeutics|Delix Therapeutics|Delix Therapeutics|healthcare||0|TRUE
fortress-biotech|Fortress Biotech|Fortress Biotech|healthcare||0|TRUE
gl-pharma|G.L. Pharma|G.L. Pharma|healthcare||0|TRUE
g1-therapeutics|G1 Therapeutics|G1 Therapeutics|healthcare||0|TRUE
galena-biopharma|Galena Biopharma|Galena Biopharma|healthcare||0|TRUE
genbiopro|GenBioPro|GenBioPro|healthcare||0|TRUE
gilead-sciences|Gilead Sciences|Gilead Sciences|healthcare||0|TRUE
globeimmune|GlobeImmune|GlobeImmune|healthcare||0|TRUE
gw-pharmaceuticals|GW Pharmaceuticals|GW Pharmaceuticals|healthcare||0|TRUE
helix-biopharma-corp|Helix BioPharma Corp.|Helix BioPharma Corp.|healthcare||0|TRUE
helixmith|Helixmith|Helixmith|healthcare||0|TRUE
immunomedics|Immunomedics|Immunomedics|healthcare||0|TRUE
jazz-pharmaceuticals|Jazz Pharmaceuticals|Jazz Pharmaceuticals|healthcare||0|TRUE
juno-therapeutics|Juno Therapeutics|Juno Therapeutics|healthcare||0|TRUE
kadmon-corporation|Kadmon Corporation|Kadmon Corporation|healthcare||0|TRUE
wilhelmtel|Wilhelm.tel|Wilhelm.tel|telecom||0|TRUE
athena-bitcoin|Athena Bitcoin|Athena Bitcoin|finance||0|TRUE
bellevue-group|Bellevue Group|Bellevue Group|finance||0|TRUE
canada-permanent|Canada Permanent|Canada Permanent|finance||0|TRUE
mixin-network|Mixin Network|Mixin Network|finance||0|TRUE
qi-card|Qi Card|Qi Card|finance||0|TRUE
upcoop|Upcoop|Upcoop|finance||0|TRUE
alfa-romeo-quadrifoglio|Alfa Romeo Quadrifoglio|Alfa Romeo Quadrifoglio|general||0|TRUE
alitalia|Alitalia|Alitalia|general||0|TRUE
alstom-ferroviaria|Alstom Ferroviaria|Alstom Ferroviaria|general||0|TRUE
amaro-averna|Amaro Averna|Amaro Averna|general||0|TRUE
amaro-lucano|Amaro Lucano|Amaro Lucano|general||0|TRUE
amaro-montenegro|Amaro Montenegro|Amaro Montenegro|general||0|TRUE
amaro-sibilla|Amaro Sibilla|Amaro Sibilla|general||0|TRUE
amedei|Amedei|Amedei|general||0|TRUE
amedei-porcelana|Amedei Porcelana|Amedei Porcelana|general||0|TRUE
amplifon|Amplifon|Amplifon|general||0|TRUE
ansaldo-energia|Ansaldo Energia|Ansaldo Energia|general||0|TRUE
antica-dolceria-bonajuto|Antica Dolceria Bonajuto|Antica Dolceria Bonajuto|general||0|TRUE
antica-trattoria-bagutto|Antica trattoria Bagutto|Antica trattoria Bagutto|general||0|TRUE
nikko-hotels|Nikko Hotels|Nikko Hotels|hotel||0|TRUE
the-nomad|The NoMad|The NoMad|hotel||0|TRUE
oaks-hotels-resorts-suites|Oaks Hotels, Resorts & Suites|Oaks Hotels, Resorts & Suites|hotel||0|TRUE
oetker-hotels|Oetker Hotels|Oetker Hotels|hotel||0|TRUE
the-peninsula-hotels|The Peninsula Hotels|The Peninsula Hotels|hotel||0|TRUE
penta-hotels|Penta Hotels|Penta Hotels|hotel||0|TRUE
red-planet-hotels|Red Planet Hotels|Red Planet Hotels|hotel||0|TRUE
riu-hotels|RIU Hotels|RIU Hotels|hotel||0|TRUE
rocco-forte-hotels|Rocco Forte Hotels|Rocco Forte Hotels|hotel||0|TRUE
sandals-resorts|Sandals Resorts|Sandals Resorts|hotel||0|TRUE
scandic-hotels|Scandic Hotels|Scandic Hotels|hotel||0|TRUE
seda-hotels|Seda Hotels|Seda Hotels|hotel||0|TRUE
serena-hotels|Serena Hotels|Serena Hotels|hotel||0|TRUE
soneva|Soneva|Soneva|hotel||0|TRUE
stouffer-corporation|Stouffer Corporation|Stouffer Corporation|hotel||0|TRUE
strawberry-hotel-company|Strawberry (hotel company)|Strawberry (hotel company)|hotel||0|TRUE
summit-hotels-and-resorts|Summit Hotels and Resorts|Summit Hotels and Resorts|hotel||0|TRUE
sunbird-hotels-and-resorts|Sunbird Hotels and Resorts|Sunbird Hotels and Resorts|hotel||0|TRUE
the-social-hub|The Social Hub|The Social Hub|hotel||0|TRUE
thon-hotels|Thon Hotels|Thon Hotels|hotel||0|TRUE
aso|A.S.O|A.S.O|fashion||0|TRUE
abaet-clothing|Abaeté (clothing)|Abaeté (clothing)|fashion||0|TRUE
allbirds|Allbirds|Allbirds|fashion||0|TRUE
allen-edmonds|Allen Edmonds|Allen Edmonds|fashion||0|TRUE
ari-football|Ari Football|Ari Football|fashion||0|TRUE
ariat|Ariat|Ariat|fashion||0|TRUE
atoms-shoes|Atoms (shoes)|Atoms (shoes)|fashion||0|TRUE
aubercy|Aubercy|Aubercy|fashion||0|TRUE
avia-shoes|Avia (shoes)|Avia (shoes)|fashion||0|TRUE
baldinini|Baldinini|Baldinini|fashion||0|TRUE
banana-republic|Banana Republic|Banana Republic|fashion||0|TRUE
bearpaw-brand|Bearpaw (brand)|Bearpaw (brand)|fashion||0|TRUE
belle-international|Belle International|Belle International|fashion||0|TRUE
bettanin-venturi|Bettanin & Venturi|Bettanin & Venturi|fashion||0|TRUE
birkenstock|Birkenstock|Birkenstock|fashion||0|TRUE
blackstock-weber|Blackstock & Weber|Blackstock & Weber|fashion||0|TRUE
bontoni|Bontoni|Bontoni|fashion||0|TRUE
bucketfeet|Bucketfeet|Bucketfeet|fashion||0|TRUE
caleres|Caleres|Caleres|fashion||0|TRUE
calvin-klein-fashion-house|Calvin Klein (fashion house)|Calvin Klein (fashion house)|fashion||0|TRUE
ad-company|A&D Company|A&D Company|general||0|TRUE
access-company|Access (company)|Access (company)|general||0|TRUE
accuphase|Accuphase|Accuphase|general||0|TRUE
acura|Acura|Acura|general||0|TRUE
advantest|Advantest|Advantest|general||0|TRUE
aeon-company|Aeon (company)|Aeon (company)|general||0|TRUE
afeela|Afeela|Afeela|general||0|TRUE
agc-inc|AGC Inc.|AGC Inc.|general||0|TRUE
ah-software|AH-Software|AH-Software|general||0|TRUE
aichi-small-elevator-manufacturing-corporation|Aichi small-elevator manufacturing corporation|Aichi small-elevator manufacturing corporation|general||0|TRUE
aichi-steel|Aichi Steel|Aichi Steel|general||0|TRUE
air-do|Air Do|Air Do|general||0|TRUE
aisin|Aisin|Aisin|general||0|TRUE
aiwa|Aiwa|Aiwa|general||0|TRUE
akai|Akai|Akai|general||0|TRUE
akai-s1000|Akai S1000|Akai S1000|general||0|TRUE
akai-s3000xl|Akai S3000XL|Akai S3000XL|general||0|TRUE
akebono-brake-industry|Akebono Brake Industry|Akebono Brake Industry|general||0|TRUE
akkeshi-distillery|Akkeshi distillery|Akkeshi distillery|general||0|TRUE
alaxala-networks|Alaxala Networks|Alaxala Networks|general||0|TRUE
travelodge|Travelodge|Travelodge|hotel||0|TRUE
tune-hotels|Tune Hotels|Tune Hotels|hotel||0|TRUE
virgin-hotels|Virgin Hotels|Virgin Hotels|hotel||0|TRUE
westin-hotels-resorts|Westin Hotels & Resorts|Westin Hotels & Resorts|hotel||0|TRUE
yotel|Yotel|Yotel|hotel||0|TRUE
media-conglomerate|Media conglomerate|Media conglomerate|media||0|TRUE
academy-plastic-model|Academy Plastic Model|Academy Plastic Model|toy||0|TRUE
actimates|ActiMates|ActiMates|toy||0|TRUE
aggretsuko|Aggretsuko|Aggretsuko|toy||0|TRUE
airgamboys|Airgamboys|Airgamboys|toy||0|TRUE
angel-cat-sugar|Angel Cat Sugar|Angel Cat Sugar|toy||0|TRUE
applause-toy-company|Applause (toy company)|Applause (toy company)|toy||0|TRUE
atlantic-company|Atlantic (company)|Atlantic (company)|toy||0|TRUE
automodello|Automodello|Automodello|toy||0|TRUE
bandai|Bandai|Bandai|toy||0|TRUE
bandai-spirits|Bandai Spirits|Bandai Spirits|toy||0|TRUE
barclay-manufacturing-company|Barclay Manufacturing Company|Barclay Manufacturing Company|toy||0|TRUE
baseball-talk|Baseball Talk|Baseball Talk|toy||0|TRUE
bayko|Bayko|Bayko|toy||0|TRUE
benbros|Benbros|Benbros|toy||0|TRUE
kite-pharma|Kite Pharma|Kite Pharma|healthcare||0|TRUE
korea-pugang-corporation|Korea Pugang Corporation|Korea Pugang Corporation|healthcare||0|TRUE
kyntra-bio|Kyntra Bio|Kyntra Bio|healthcare||0|TRUE
kyowa-kirin|Kyowa Kirin|Kyowa Kirin|healthcare||0|TRUE
medivation|Medivation|Medivation|healthcare||0|TRUE
molecular-partners|Molecular Partners|Molecular Partners|healthcare||0|TRUE
nektar-therapeutics|Nektar Therapeutics|Nektar Therapeutics|healthcare||0|TRUE
neuland-laboratories|Neuland Laboratories|Neuland Laboratories|healthcare||0|TRUE
owl-drug-co-ltd|Owl Drug Co. Ltd.|Owl Drug Co. Ltd.|healthcare||0|TRUE
pugang-pharmaceutic-company|Pugang Pharmaceutic Company|Pugang Pharmaceutic Company|healthcare||0|TRUE
relief-therapeutics|Relief Therapeutics|Relief Therapeutics|healthcare||0|TRUE
rentschler-company|Rentschler (company)|Rentschler (company)|healthcare||0|TRUE
sarr-family|Sarrá family|Sarrá family|healthcare||0|TRUE
seagen|Seagen|Seagen|healthcare||0|TRUE
siegfried-holding-ag|Siegfried Holding AG|Siegfried Holding AG|healthcare||0|TRUE
sinovac-biotech|Sinovac Biotech|Sinovac Biotech|healthcare||0|TRUE
spark-therapeutics|Spark Therapeutics|Spark Therapeutics|healthcare||0|TRUE
sphere-bio|Sphere Bio|Sphere Bio|healthcare||0|TRUE
sunovion|Sunovion|Sunovion|healthcare||0|TRUE
synthaverse-sa|Synthaverse S.A.|Synthaverse S.A.|healthcare||0|TRUE
caf-du-monde|Café du Monde|Café du Monde|food||0|TRUE
caf-grumpy|Café Grumpy|Café Grumpy|food||0|TRUE
caf-hag|Café HAG|Café HAG|food||0|TRUE
caf-neo|Café Neo|Café Neo|food||0|TRUE
caf-puro|Café Puro|Café Puro|food||0|TRUE
caf-rico|Café Rico|Café Rico|food||0|TRUE
cafdirect|Cafédirect|Cafédirect|food||0|TRUE
caffe-bene|Caffe Bene|Caffe Bene|food||0|TRUE
caff-concerto|Caffè Concerto|Caffè Concerto|food||0|TRUE
caff-nero|Caffè Nero|Caffè Nero|food||0|TRUE
caff-pascucci|Caffè Pascucci|Caffè Pascucci|food||0|TRUE
caff-ritazza|Caffè Ritazza|Caffè Ritazza|food||0|TRUE
caffeine-coffeehouse-chain|Caffeine (coffeehouse chain)|Caffeine (coffeehouse chain)|food||0|TRUE
caffiato|Caffiato|Caffiato|food||0|TRUE
camerons-coffee|Cameron's Coffee|Cameron's Coffee|food||0|TRUE
caribou-coffee|Caribou Coffee|Caribou Coffee|food||0|TRUE
carmelite-monks|Carmelite Monks|Carmelite Monks|food||0|TRUE
chock-full-onuts|Chock full o'Nuts|Chock full o'Nuts|food||0|TRUE
coava-coffee-roasters|Coava Coffee Roasters|Coava Coffee Roasters|food||0|TRUE
coffee-island|Coffee Island|Coffee Island|food||0|TRUE
castle-lager|Castle Lager|Castle Lager|beverage||0|TRUE
celtia|Celtia|Celtia|beverage||0|TRUE
champion-breweries|Champion Breweries|Champion Breweries|beverage||0|TRUE
chibuku-shake-shake|Chibuku Shake Shake|Chibuku Shake Shake|beverage||0|TRUE
choukachou|Choukachou|Choukachou|beverage||0|TRUE
cuca-beer|Cuca (beer)|Cuca (beer)|beverage||0|TRUE
duvel-moortgat-brewery|Duvel Moortgat Brewery|Duvel Moortgat Brewery|beverage||0|TRUE
fantme-beer|Fantôme (beer)|Fantôme (beer)|beverage||0|TRUE
floreffe-beer|Floreffe (beer)|Floreffe (beer)|beverage||0|TRUE
fruli|Fruli|Fruli|beverage||0|TRUE
hangzhou-qiandaohu|Hangzhou Qiandaohu|Hangzhou Qiandaohu|beverage||0|TRUE
hanoi-beer|Hanoi Beer|Hanoi Beer|beverage||0|TRUE
hatuey-beer|Hatuey (beer)|Hatuey (beer)|beverage||0|TRUE
hirter|Hirter|Hirter|beverage||0|TRUE
huda-beer|Huda Beer|Huda Beer|beverage||0|TRUE
hu-beer|Huế Beer|Huế Beer|beverage||0|TRUE
hunter-bangladeshi-beer|Hunter (Bangladeshi beer)|Hunter (Bangladeshi beer)|beverage||0|TRUE
imperial-beer|Imperial (beer)|Imperial (beer)|beverage||0|TRUE
jax-brewing-company|Jax Brewing Company|Jax Brewing Company|beverage||0|TRUE
keo-beer|KEO (beer)|KEO (beer)|beverage||0|TRUE
air-busan|Air Busan|Air Busan|general||0|TRUE
air-premia|Air Premia|Air Premia|general||0|TRUE
air-seoul|Air Seoul|Air Seoul|general||0|TRUE
akom|AKOM|AKOM|general||0|TRUE
amorepacific-corporation|Amorepacific Corporation|Amorepacific Corporation|general||0|TRUE
anycall|Anycall|Anycall|general||0|TRUE
asia-cement|Asia Cement|Asia Cement|general||0|TRUE
asiana-airlines|Asiana Airlines|Asiana Airlines|general||0|TRUE
astell-kern|Astell & Kern|Astell & Kern|general||0|TRUE
bexel|Bexel|Bexel|general||0|TRUE
blue-elephant-corporation|Blue Elephant Corporation|Blue Elephant Corporation|general||0|TRUE
bohae|Bohae|Bohae|general||0|TRUE
bullsone|Bullsone|Bullsone|general||0|TRUE
ca-sega-joypolis|CA Sega Joypolis|CA Sega Joypolis|general||0|TRUE
camp-mobile|Camp Mobile|Camp Mobile|general||0|TRUE
cas-corporation|CAS Corporation|CAS Corporation|general||0|TRUE
celltrion|Celltrion|Celltrion|general||0|TRUE
cheil-worldwide|Cheil Worldwide|Cheil Worldwide|general||0|TRUE
chipsmedia|Chips&Media|Chips&Media|general||0|TRUE
cj-cheiljedang|CJ CheilJedang|CJ CheilJedang|general||0|TRUE
baic-group|BAIC Group|BAIC Group|general||0|TRUE
baic-ruixiang|BAIC Ruixiang|BAIC Ruixiang|general||0|TRUE
bambu-lab|Bambu Lab|Bambu Lab|general||0|TRUE
bank-of-beijing|Bank of Beijing|Bank of Beijing|general||0|TRUE
bank-of-china|Bank of China|Bank of China|general||0|TRUE
bank-of-communications|Bank of Communications|Bank of Communications|general||0|TRUE
bank-of-handan|Bank of Handan|Bank of Handan|general||0|TRUE
bank-of-shanghai|Bank of Shanghai|Bank of Shanghai|general||0|TRUE
bank-of-weifang|Bank of Weifang|Bank of Weifang|general||0|TRUE
baofeng-uv-5r|Baofeng UV-5R|Baofeng UV-5R|general||0|TRUE
baojun|Baojun|Baojun|general||0|TRUE
baotian-motorcycle-company|Baotian Motorcycle Company|Baotian Motorcycle Company|general||0|TRUE
baowu|Baowu|Baowu|general||0|TRUE
bawang-shampoo|Bawang Shampoo|Bawang Shampoo|general||0|TRUE
bbk-electronics|BBK Electronics|BBK Electronics|general||0|TRUE
bbmg|BBMG|BBMG|general||0|TRUE
beiben-truck|BeiBen Truck|BeiBen Truck|general||0|TRUE
beijing-capital-airlines|Beijing Capital Airlines|Beijing Capital Airlines|general||0|TRUE
beijing-galloping-horse-group|Beijing Galloping Horse Group|Beijing Galloping Horse Group|general||0|TRUE
beijing-hongxing|Beijing Hongxing|Beijing Hongxing|general||0|TRUE
coffee-world|Coffee World|Coffee World|food||0|TRUE
coffeeheaven|Coffeeheaven|Coffeeheaven|food||0|TRUE
coffine-gurunaru|Coffine Gurunaru|Coffine Gurunaru|food||0|TRUE
colectivo-coffee-roasters|Colectivo Coffee Roasters|Colectivo Coffee Roasters|food||0|TRUE
cometeer-coffee|Cometeer Coffee|Cometeer Coffee|food||0|TRUE
coop-kaffe|Coop Kaffe|Coop Kaffe|food||0|TRUE
costa-coffee|Costa Coffee|Costa Coffee|food||0|TRUE
dallmayr|Dallmayr|Dallmayr|food||0|TRUE
dancing-goats-coffee|Dancing Goats Coffee|Dancing Goats Coffee|food||0|TRUE
delta-cafs|Delta Cafés|Delta Cafés|food||0|TRUE
diedrich-coffee|Diedrich Coffee|Diedrich Coffee|food||0|TRUE
doutor-coffee|Doutor Coffee|Doutor Coffee|food||0|TRUE
douwe-egberts|Douwe Egberts|Douwe Egberts|food||0|TRUE
dulce-caf|Dulce Café|Dulce Café|food||0|TRUE
dunkin-donuts|Dunkin' Donuts|Dunkin' Donuts|food||0|TRUE
dunn-brothers-coffee|Dunn Brothers Coffee|Dunn Brothers Coffee|food||0|TRUE
easy-serving-espresso-pod|Easy Serving Espresso Pod|Easy Serving Espresso Pod|food||0|TRUE
ediya-coffee|Ediya Coffee|Ediya Coffee|food||0|TRUE
eight-oclock-coffee|Eight O'Clock Coffee|Eight O'Clock Coffee|food||0|TRUE
espresso-vivace|Espresso Vivace|Espresso Vivace|food||0|TRUE
carbrini-sportswear|Carbrini Sportswear|Carbrini Sportswear|fashion||0|TRUE
cassidi|Cassidi|Cassidi|fashion||0|TRUE
castro-clothing|Castro (clothing)|Castro (clothing)|fashion||0|TRUE
celine-brand|Celine (brand)|Celine (brand)|fashion||0|TRUE
le-chteau|Le Château|Le Château|fashion||0|TRUE
claudia-strter|Claudia Sträter|Claudia Sträter|fashion||0|TRUE
cockpit-usa|Cockpit USA|Cockpit USA|fashion||0|TRUE
comptoir-des-cotonniers|Comptoir des Cotonniers|Comptoir des Cotonniers|fashion||0|TRUE
cos-fashion-brand|COS (fashion brand)|COS (fashion brand)|fashion||0|TRUE
countess-mara|Countess Mara|Countess Mara|fashion||0|TRUE
croc-o-shirt|Croc O' Shirt|Croc O' Shirt|fashion||0|TRUE
crocodile-international|Crocodile International|Crocodile International|fashion||0|TRUE
cropp-brand|Cropp (brand)|Cropp (brand)|fashion||0|TRUE
cvlt-nation|CVLT Nation|CVLT Nation|fashion||0|TRUE
dale-of-norway|Dale of Norway|Dale of Norway|fashion||0|TRUE
kostio-de-war|Kostio de War|Kostio de War|fashion||0|TRUE
design-for-all-product-line|Design For All (product line)|Design For All (product line)|fashion||0|TRUE
desigual|Desigual|Desigual|fashion||0|TRUE
dolfin-swimwear|Dolfin Swimwear|Dolfin Swimwear|fashion||0|TRUE
ken-done|Ken Done|Ken Done|fashion||0|TRUE
beijing-hualian-group|Beijing Hualian Group|Beijing Hualian Group|general||0|TRUE
bgi-group|BGI Group|BGI Group|general||0|TRUE
bianyifang|Bianyifang|Bianyifang|general||0|TRUE
bilibili|Bilibili|Bilibili|general||0|TRUE
bisu-marque|Bisu (marque)|Bisu (marque)|general||0|TRUE
boe-technology|BOE Technology|BOE Technology|general||0|TRUE
bonluck|Bonluck|Bonluck|general||0|TRUE
bordrin|Bordrin|Bordrin|general||0|TRUE
borntea|Borntea|Borntea|general||0|TRUE
borqs|Borqs|Borqs|general||0|TRUE
bright-food|Bright Food|Bright Food|general||0|TRUE
brilliance-auto-group|Brilliance Auto Group|Brilliance Auto Group|general||0|TRUE
broad-group|Broad Group|Broad Group|general||0|TRUE
btg-homeinns|BTG Homeinns|BTG Homeinns|general||0|TRUE
byd-auto|BYD Auto|BYD Auto|general||0|TRUE
byd-company|BYD Company|BYD Company|general||0|TRUE
byton-company|Byton (company)|Byton (company)|general||0|TRUE
cada-bricks|CaDA Bricks|CaDA Bricks|general||0|TRUE
calb|CALB|CALB|general||0|TRUE
cansino-biologics|CanSino Biologics|CanSino Biologics|general||0|TRUE
duchamp-clothing|Duchamp (clothing)|Duchamp (clothing)|fashion||0|TRUE
dunlop-sport|Dunlop Sport|Dunlop Sport|fashion||0|TRUE
duvelleroy|Duvelleroy|Duvelleroy|fashion||0|TRUE
dynamite-clothing|Dynamite Clothing|Dynamite Clothing|fashion||0|TRUE
edun|EDUN|EDUN|fashion||0|TRUE
escada|Escada|Escada|fashion||0|TRUE
ethika|Ethika|Ethika|fashion||0|TRUE
fenchurch-clothing|Fenchurch (clothing)|Fenchurch (clothing)|fashion||0|TRUE
florence-by-mills|Florence by Mills|Florence by Mills|fashion||0|TRUE
fox-clothing|Fox (clothing)|Fox (clothing)|fashion||0|TRUE
g-star-company|G-Star (company)|G-Star (company)|fashion||0|TRUE
gant-company|Gant (company)|Gant (company)|fashion||0|TRUE
garage-clothing-retailer|Garage (clothing retailer)|Garage (clothing retailer)|fashion||0|TRUE
garanimals|Garanimals|Garanimals|fashion||0|TRUE
gebrder-stitch|Gebrüder Stitch|Gebrüder Stitch|fashion||0|TRUE
go-international|Go International|Go International|fashion||0|TRUE
grishko|Grishko|Grishko|fashion||0|TRUE
gunhild-clothing|Gunhild (clothing)|Gunhild (clothing)|fashion||0|TRUE
gunne-sax|Gunne Sax|Gunne Sax|fashion||0|TRUE
gunze|Gunze|Gunze|fashion||0|TRUE
cathay-pacific|Cathay Pacific|Cathay Pacific|general||0|TRUE
catl|CATL|CATL|general||0|TRUE
cfmoto|CFMoto|CFMoto|general||0|TRUE
chang-jiang-motorcycle|Chang Jiang (motorcycle)|Chang Jiang (motorcycle)|general||0|TRUE
changan-automobile|Changan Automobile|Changan Automobile|general||0|TRUE
changfeng-motor|Changfeng Motor|Changfeng Motor|general||0|TRUE
changhong|Changhong|Changhong|general||0|TRUE
changjiang-ev|ChangJiang EV|ChangJiang EV|general||0|TRUE
changjiang-securities|Changjiang Securities|Changjiang Securities|general||0|TRUE
changsheng-bio-technology|Changsheng Bio-Technology|Changsheng Bio-Technology|general||0|TRUE
changxin-memory-technologies|ChangXin Memory Technologies|ChangXin Memory Technologies|general||0|TRUE
changyu|Changyu|Changyu|general||0|TRUE
cheetah-mobile|Cheetah Mobile|Cheetah Mobile|general||0|TRUE
chemchina|ChemChina|ChemChina|general||0|TRUE
chengdu-airlines|Chengdu Airlines|Chengdu Airlines|general||0|TRUE
chenming-paper|Chenming Paper|Chenming Paper|general||0|TRUE
chery|Chery|Chery|general||0|TRUE
chery-tiggo|Chery Tiggo|Chery Tiggo|general||0|TRUE
chi-forest|Chi Forest|Chi Forest|general||0|TRUE
chicecream|Chicecream|Chicecream|general||0|TRUE
abokado|Abokado|Abokado|general||0|TRUE
aga-cooker|AGA cooker|AGA cooker|general||0|TRUE
ahmad-tea|Ahmad Tea|Ahmad Tea|general||0|TRUE
ainsworths|Ainsworths|Ainsworths|general||0|TRUE
airbus-uk|Airbus UK|Airbus UK|general||0|TRUE
alba-electronics|Alba (electronics)|Alba (electronics)|general||0|TRUE
alfred-dunhill-limited|Alfred Dunhill Limited|Alfred Dunhill Limited|general||0|TRUE
amber-leaf|Amber Leaf|Amber Leaf|general||0|TRUE
ambra-personal-computers|Ambra Personal Computers|Ambra Personal Computers|general||0|TRUE
ambrosia-food-brand|Ambrosia (food brand)|Ambrosia (food brand)|general||0|TRUE
anglepoise-lamp|Anglepoise lamp|Anglepoise lamp|general||0|TRUE
aniventure|Aniventure|Aniventure|general||0|TRUE
antler-brand|Antler (brand)|Antler (brand)|general||0|TRUE
antoria|Antoria|Antoria|general||0|TRUE
aon-company|Aon (company)|Aon (company)|general||0|TRUE
ap-diving|AP Diving|AP Diving|general||0|TRUE
argos-retailer|Argos (retailer)|Argos (retailer)|general||0|TRUE
ariel-detergent|Ariel (detergent)|Ariel (detergent)|general||0|TRUE
ariella-fashion-house|Ariella Fashion House|Ariella Fashion House|general||0|TRUE
arkells-brewery|Arkell's Brewery|Arkell's Brewery|general||0|TRUE
ni-srus|Nói Síríus|Nói Síríus|food||0|TRUE
pyongyang-chewing-gum-factory|Pyongyang Chewing Gum Factory|Pyongyang Chewing Gum Factory|food||0|TRUE
robern-menz|Robern Menz|Robern Menz|food||0|TRUE
lker|Ülker|Ülker|food||0|TRUE
united-confectioners|United Confectioners|United Confectioners|food||0|TRUE
vidal-golosinas|Vidal Golosinas|Vidal Golosinas|food||0|TRUE
voortman-cookies|Voortman Cookies|Voortman Cookies|food||0|TRUE
4711|4711|4711|general||0|TRUE
ao-hostels|A&O Hostels|A&O Hostels|general||0|TRUE
abas-erp|Abas ERP|Abas ERP|general||0|TRUE
ableton|Ableton|Ableton|general||0|TRUE
about-you-company|About You (company)|About You (company)|general||0|TRUE
abus|ABUS|ABUS|general||0|TRUE
accentus-music|Accentus Music|Accentus Music|general||0|TRUE
adinotec|Adinotec|Adinotec|general||0|TRUE
adox|ADOX|ADOX|general||0|TRUE
aeg-brand|AEG (brand)|AEG (brand)|general||0|TRUE
aeg-german-company|AEG (German company)|AEG (German company)|general||0|TRUE
agfa|Agfa|Agfa|general||0|TRUE
air-berlin|Air Berlin|Air Berlin|general||0|TRUE
alb-leisa|Alb-Leisa|Alb-Leisa|general||0|TRUE
aldi|Aldi|Aldi|general||0|TRUE
aleo-solar|Aleo Solar|Aleo Solar|general||0|TRUE
allianz|Allianz|Allianz|general||0|TRUE
allianz-trade|Allianz Trade|Allianz Trade|general||0|TRUE
altana|Altana|Altana|general||0|TRUE
altendorf-gmbh|Altendorf GmbH|Altendorf GmbH|general||0|TRUE
analytik-jena|Analytik Jena|Analytik Jena|general||0|TRUE
schuler-group|Schuler Group|Schuler Group|general||0|TRUE
apetito|Apetito|Apetito|general||0|TRUE
apollinaris-water|Apollinaris (water)|Apollinaris (water)|general||0|TRUE
apollo-automobil|Apollo Automobil|Apollo Automobil|general||0|TRUE
arag-se|ARAG SE|ARAG SE|general||0|TRUE
aral-ag|Aral AG|Aral AG|general||0|TRUE
arburg|Arburg|Arburg|general||0|TRUE
arcor-telecommunications|Arcor (telecommunications)|Arcor (telecommunications)|general||0|TRUE
armacell|Armacell|Armacell|general||0|TRUE
armedangels|Armedangels|Armedangels|general||0|TRUE
arri|Arri|Arri|general||0|TRUE
artega-automobile|Artega Automobile|Artega Automobile|general||0|TRUE
hm|H&M|H&M|fashion||0|TRUE
han-kjbenhavn|Han Kjøbenhavn|Han Kjøbenhavn|fashion||0|TRUE
antthony-mark-hankins|Antthony Mark Hankins|Antthony Mark Hankins|fashion||0|TRUE
hatley-brand|Hatley (brand)|Hatley (brand)|fashion||0|TRUE
haus-alkire|Haus Alkire|Haus Alkire|fashion||0|TRUE
helmut-lang-fashion-brand|Helmut Lang (fashion brand)|Helmut Lang (fashion brand)|fashion||0|TRUE
herv-lger|Hervé Léger|Hervé Léger|fashion||0|TRUE
anne-t-hill|Anne T. Hill|Anne T. Hill|fashion||0|TRUE
holzweiler|Holzweiler|Holzweiler|fashion||0|TRUE
honigman-clothing-company|Honigman (clothing company)|Honigman (clothing company)|fashion||0|TRUE
house-brand|House (brand)|House (brand)|fashion||0|TRUE
house-of-harlow|House of Harlow|House of Harlow|fashion||0|TRUE
hypercolor|Hypercolor|Hypercolor|fashion||0|TRUE
i-r-morley|I. & R. Morley|I. & R. Morley|fashion||0|TRUE
isko-clothing-company|ISKO (clothing company)|ISKO (clothing company)|fashion||0|TRUE
izod-lacoste|Izod Lacoste|Izod Lacoste|fashion||0|TRUE
j-wear|J-Wear|J-Wear|fashion||0|TRUE
jako|Jako|Jako|fashion||0|TRUE
jenny-hellstrm|Jenny Hellström|Jenny Hellström|fashion||0|TRUE
joe-fresh|Joe Fresh|Joe Fresh|fashion||0|TRUE
chimelong|Chimelong|Chimelong|general||0|TRUE
china-aerospace-science-and-industry-corporation|China Aerospace Science and Industry Corporation|China Aerospace Science and Industry Corporation|general||0|TRUE
china-aerospace-science-and-technology-corporation|China Aerospace Science and Technology Corporation|China Aerospace Science and Technology Corporation|general||0|TRUE
china-agri-industries-holdings|China Agri-Industries Holdings|China Agri-Industries Holdings|general||0|TRUE
china-bluechemical|China BlueChemical|China BlueChemical|general||0|TRUE
china-citic-bank|China CITIC Bank|China CITIC Bank|general||0|TRUE
china-cnr|China CNR|China CNR|general||0|TRUE
china-construction-bank|China Construction Bank|China Construction Bank|general||0|TRUE
china-development-bank|China Development Bank|China Development Bank|general||0|TRUE
china-dongxiang|China Dongxiang|China Dongxiang|general||0|TRUE
china-eastern-airlines|China Eastern Airlines|China Eastern Airlines|general||0|TRUE
china-energine|China Energine|China Energine|general||0|TRUE
china-everbright-bank|China Everbright Bank|China Everbright Bank|general||0|TRUE
china-film-group-corporation|China Film Group Corporation|China Film Group Corporation|general||0|TRUE
china-foods-limited|China Foods Limited|China Foods Limited|general||0|TRUE
china-hi-tech-group-co-ltd|China Hi-Tech Group Co., Ltd.|China Hi-Tech Group Co., Ltd.|general||0|TRUE
china-high-speed-transmission|China High Speed Transmission|China High Speed Transmission|general||0|TRUE
china-hualu-group|China Hualu Group|China Hualu Group|general||0|TRUE
china-huaneng-group|China Huaneng Group|China Huaneng Group|general||0|TRUE
china-life-insurance-company|China Life Insurance Company|China Life Insurance Company|general||0|TRUE
armitage-shanks|Armitage Shanks|Armitage Shanks|general||0|TRUE
ascend-cutlery-works|Ascend Cutlery Works|Ascend Cutlery Works|general||0|TRUE
asos-retailer|ASOS (retailer)|ASOS (retailer)|general||0|TRUE
astrazeneca|AstraZeneca|AstraZeneca|general||0|TRUE
athena-retailer|Athena (retailer)|Athena (retailer)|general||0|TRUE
atkinsons-of-london|Atkinsons of London|Atkinsons of London|general||0|TRUE
autotune-rishton|Autotune (Rishton)|Autotune (Rishton)|general||0|TRUE
avalon-guitars|Avalon Guitars|Avalon Guitars|general||0|TRUE
aviva|Aviva|Aviva|general||0|TRUE
avon-technologies|Avon Technologies|Avon Technologies|general||0|TRUE
bq|B&Q|B&Q|general||0|TRUE
babycham|Babycham|Babycham|general||0|TRUE
bae-systems|BAE Systems|BAE Systems|general||0|TRUE
bg|B&G|B&G|general||0|TRUE
barclays|Barclays|Barclays|general||0|TRUE
barleycup|Barleycup|Barleycup|general||0|TRUE
baxi|Baxi|Baxi|general||0|TRUE
be-ro|Be-Ro|Be-Ro|general||0|TRUE
beltona-resonator-instruments|Beltona Resonator Instruments|Beltona Resonator Instruments|general||0|TRUE
ben-sherman|Ben Sherman|Ben Sherman|general||0|TRUE
12-bis|12 bis|12 bis|general||0|TRUE
alb-watches|A.L.B (Watches)|A.L.B (Watches)|general||0|TRUE
acmat|ACMAT|ACMAT|general||0|TRUE
actes-sud|Actes Sud|Actes Sud|general||0|TRUE
activia|Activia|Activia|general||0|TRUE
arospatiale|Aérospatiale|Aérospatiale|general||0|TRUE
ag2r-la-mondiale|AG2R La Mondiale|AG2R La Mondiale|general||0|TRUE
agrial|Agrial|Agrial|general||0|TRUE
aigle-company|Aigle (company)|Aigle (company)|general||0|TRUE
air-carabes|Air Caraïbes|Air Caraïbes|general||0|TRUE
air-liquide|Air Liquide|Air Liquide|general||0|TRUE
aixam|Aixam|Aixam|general||0|TRUE
albingia|Albingia|Albingia|general||0|TRUE
allary-ditions|Allary Éditions|Allary Éditions|general||0|TRUE
automobiles-alpine|Automobiles Alpine|Automobiles Alpine|general||0|TRUE
alstom|Alstom|Alstom|general||0|TRUE
alter-eco|Alter Eco|Alter Eco|general||0|TRUE
amilcar|Amilcar|Amilcar|general||0|TRUE
amora-mustard|Amora (mustard)|Amora (mustard)|general||0|TRUE
amorino-gelato|Amorino (gelato)|Amorino (gelato)|general||0|TRUE
bobst-company|Bobst (company)|Bobst (company)|general||0|TRUE
bolex|Bolex|Bolex|general||0|TRUE
bron-elektronik|Bron Elektronik|Bron Elektronik|general||0|TRUE
cailler|Cailler|Cailler|general||0|TRUE
calanda-bru|Calanda Bräu|Calanda Bräu|general||0|TRUE
camille-bloch|Camille Bloch|Camille Bloch|general||0|TRUE
caran-dache-company|Caran d'Ache (company)|Caran d'Ache (company)|general||0|TRUE
cardinal-brewery|Cardinal Brewery|Cardinal Brewery|general||0|TRUE
chocolat-frey|Chocolat Frey|Chocolat Frey|general||0|TRUE
chocolat-kohler|Chocolat Kohler|Chocolat Kohler|general||0|TRUE
chocolat-suchard|Chocolat Suchard|Chocolat Suchard|general||0|TRUE
chocolats-halba|Chocolats Halba|Chocolats Halba|general||0|TRUE
claro-fair-trade|Claro fair trade|Claro fair trade|general||0|TRUE
clearblue|Clearblue|Clearblue|general||0|TRUE
credit-suisse|Credit Suisse|Credit Suisse|general||0|TRUE
dali-everyday-grocery|Dali Everyday Grocery|Dali Everyday Grocery|general||0|TRUE
davidoff|Davidoff|Davidoff|general||0|TRUE
dectris|Dectris|Dectris|general||0|TRUE
doppelmayrgaraventa-group|Doppelmayr/Garaventa Group|Doppelmayr/Garaventa Group|general||0|TRUE
dormakaba|Dormakaba|Dormakaba|general||0|TRUE
big-loo|Big Loo|Big Loo|toy||0|TRUE
big-mouth-billy-bass|Big Mouth Billy Bass|Big Mouth Billy Bass|toy||0|TRUE
bobby-car|Bobby Car|Bobby Car|toy||0|TRUE
boyds-bears|Boyds Bears|Boyds Bears|toy||0|TRUE
brave-series|Brave series|Brave series|toy||0|TRUE
britains|Britains|Britains|toy||0|TRUE
britains-deetail|Britains Deetail|Britains Deetail|toy||0|TRUE
brumm|Brumm|Brumm|toy||0|TRUE
buby-toys|Buby toys|Buby toys|toy||0|TRUE
budgie-toys|Budgie Toys|Budgie Toys|toy||0|TRUE
buzz-bee-toys|Buzz Bee Toys|Buzz Bee Toys|toy||0|TRUE
chad-valley-toy-brand|Chad Valley (toy brand)|Chad Valley (toy brand)|toy||0|TRUE
chicco|Chicco|Chicco|toy||0|TRUE
cinema-of-fear|Cinema of Fear|Cinema of Fear|toy||0|TRUE
cleversticks|Cleversticks|Cleversticks|toy||0|TRUE
colorforms|Colorforms|Colorforms|toy||0|TRUE
conrad-models|Conrad Models|Conrad Models|toy||0|TRUE
convertors|Convertors|Convertors|toy||0|TRUE
corgi-toys|Corgi Toys|Corgi Toys|toy||0|TRUE
cox-models|Cox Models|Cox Models|toy||0|TRUE
arvato|Arvato|Arvato|general||0|TRUE
august-faller-gmbh-co-kg|August Faller GmbH & Co. KG|August Faller GmbH & Co. KG|general||0|TRUE
aumund-company|Aumund (company)|Aumund (company)|general||0|TRUE
automobili-pininfarina|Automobili Pininfarina|Automobili Pininfarina|general||0|TRUE
avira|Avira|Avira|general||0|TRUE
b-braun|B. Braun|B. Braun|general||0|TRUE
bae-batterien|BAE Batterien|BAE Batterien|general||0|TRUE
bahlsen|Bahlsen|Bahlsen|general||0|TRUE
brenfang|Bärenfang|Bärenfang|general||0|TRUE
bartec|Bartec|Bartec|general||0|TRUE
basler-fashion|Basler (fashion)|Basler (fashion)|general||0|TRUE
basse-und-selve|Basse und Selve|Basse und Selve|general||0|TRUE
bavaria-film|Bavaria Film|Bavaria Film|general||0|TRUE
bavaria-yachtbau|Bavaria Yachtbau|Bavaria Yachtbau|general||0|TRUE
bbs-autotechnik|BBS Autotechnik|BBS Autotechnik|general||0|TRUE
be-quiet|Be quiet!|Be quiet!|general||0|TRUE
c-bechstein|C. Bechstein|C. Bechstein|general||0|TRUE
beiersdorf|Beiersdorf|Beiersdorf|general||0|TRUE
berentzen|Berentzen|Berentzen|general||0|TRUE
bergfrst|Bergfürst|Bergfürst|general||0|TRUE
apis-automobiles|APIS (automobiles)|APIS (automobiles)|general||0|TRUE
aprilia|Aprilia|Aprilia|general||0|TRUE
arbos|Arbos|Arbos|general||0|TRUE
arclinea|Arclinea|Arclinea|general||0|TRUE
arflex|Arflex|Arflex|general||0|TRUE
argo-italian-company|Argo (Italian company)|Argo (Italian company)|general||0|TRUE
ariston-company|Ariston (company)|Ariston (company)|general||0|TRUE
armi-jager|Armi Jager|Armi Jager|general||0|TRUE
artemide|Artemide|Artemide|general||0|TRUE
as-labruna|AS Labruna|AS Labruna|general||0|TRUE
askoll|Askoll|Askoll|general||0|TRUE
assicurazioni-generali|Assicurazioni Generali|Assicurazioni Generali|general||0|TRUE
astaldi|Astaldi|Astaldi|general||0|TRUE
astra-veicoli-industriali|Astra Veicoli Industriali|Astra Veicoli Industriali|general||0|TRUE
atala-company|Atala (company)|Atala (company)|general||0|TRUE
audio-analogue|Audio Analogue|Audio Analogue|general||0|TRUE
audison|Audison|Audison|general||0|TRUE
auricchio|Auricchio|Auricchio|general||0|TRUE
aurora-pen-manufacturer|Aurora (pen manufacturer)|Aurora (pen manufacturer)|general||0|TRUE
automobili-estrema|Automobili Estrema|Automobili Estrema|general||0|TRUE
bianchet|Bianchet|Bianchet|fashion-luxury||0|TRUE
biartis|BiArtis|BiArtis|fashion-luxury||0|TRUE
black-astrum|Black Astrum|Black Astrum|fashion-luxury||0|TRUE
blanchet-watch|Blanchet (watch)|Blanchet (watch)|fashion-luxury||0|TRUE
blancpain|Blancpain|Blancpain|fashion-luxury||0|TRUE
blood-diamond|Blood diamond|Blood diamond|fashion-luxury||0|TRUE
boodles-company|Boodles (company)|Boodles (company)|fashion-luxury||0|TRUE
bookmarc|Bookmarc|Bookmarc|fashion-luxury||0|TRUE
bsendorfer|Bösendorfer|Bösendorfer|fashion-luxury||0|TRUE
bovet-fleurier|Bovet Fleurier|Bovet Fleurier|fashion-luxury||0|TRUE
breguet-brand|Breguet (brand)|Breguet (brand)|fashion-luxury||0|TRUE
breil-company|Breil (company)|Breil (company)|fashion-luxury||0|TRUE
breitling-sa|Breitling SA|Breitling SA|fashion-luxury||0|TRUE
brooks-brothers|Brooks Brothers|Brooks Brothers|fashion-luxury||0|TRUE
buccellati|Buccellati|Buccellati|fashion-luxury||0|TRUE
byredo|Byredo|Byredo|fashion-luxury||0|TRUE
c-hoare-co|C. Hoare & Co|C. Hoare & Co|fashion-luxury||0|TRUE
calibre-menswear|Calibre (menswear)|Calibre (menswear)|fashion-luxury||0|TRUE
canali|Canali|Canali|fashion-luxury||0|TRUE
canton-electronics|Canton Electronics|Canton Electronics|fashion-luxury||0|TRUE
crescent-toys|Crescent Toys|Crescent Toys|toy||0|TRUE
cube-world-toy|Cube World (toy)|Cube World (toy)|toy||0|TRUE
dinky-toys|Dinky Toys|Dinky Toys|toy||0|TRUE
disney-fairies|Disney Fairies|Disney Fairies|toy||0|TRUE
the-dog-franchise|The Dog (franchise)|The Dog (franchise)|toy||0|TRUE
domino-rally|Domino Rally|Domino Rally|toy||0|TRUE
dragon-models-limited|Dragon Models Limited|Dragon Models Limited|toy||0|TRUE
dugu-miniautotoys|Dugu Miniautotoys|Dugu Miniautotoys|toy||0|TRUE
dulcop|Dulcop|Dulcop|toy||0|TRUE
dyna-flytes|Dyna-Flytes|Dyna-Flytes|toy||0|TRUE
efsi-toys|Efsi Toys|Efsi Toys|toy||0|TRUE
elastolin|Elastolin|Elastolin|toy||0|TRUE
eldran-series|Eldran series|Eldran series|toy||0|TRUE
ertl-company|Ertl Company|Ertl Company|toy||0|TRUE
fao-schwarz|FAO Schwarz|FAO Schwarz|toy||0|TRUE
j-k-farnell|J. K. Farnell|J. K. Farnell|toy||0|TRUE
femisapien|FemiSapien|FemiSapien|toy||0|TRUE
fisher-price|Fisher-Price|Fisher-Price|toy||0|TRUE
four-horsemen-studios|Four Horsemen Studios|Four Horsemen Studios|toy||0|TRUE
franklin-mint-precision-models|Franklin Mint Precision Models|Franklin Mint Precision Models|toy||0|TRUE
berlebach|Berlebach|Berlebach|general||0|TRUE
bertelsmann|Bertelsmann|Bertelsmann|general||0|TRUE
beurer|Beurer|Beurer|general||0|TRUE
beyerdynamic|Beyerdynamic|Beyerdynamic|general||0|TRUE
biederlack|Biederlack|Biederlack|general||0|TRUE
otto-bihler-maschinenfabrik|Otto Bihler Maschinenfabrik|Otto Bihler Maschinenfabrik|general||0|TRUE
binder-fbm|Binder FBM|Binder FBM|general||0|TRUE
binz-vehicles|Binz (vehicles)|Binz (vehicles)|general||0|TRUE
biotronik|Biotronik|Biotronik|general||0|TRUE
bito|Bito|Bito|general||0|TRUE
bitzer-se|Bitzer SE|Bitzer SE|general||0|TRUE
bizerba|Bizerba|Bizerba|general||0|TRUE
blau-mobilfunk|Blau Mobilfunk|Blau Mobilfunk|general||0|TRUE
blaupunkt|Blaupunkt|Blaupunkt|general||0|TRUE
blinkist|Blinkist|Blinkist|general||0|TRUE
blohmvoss|Blohm+Voss|Blohm+Voss|general||0|TRUE
blue-nun|Blue Nun|Blue Nun|general||0|TRUE
blthner|Blüthner|Blüthner|general||0|TRUE
blutwurz|Blutwurz|Blutwurz|general||0|TRUE
boehringer-ingelheim|Boehringer Ingelheim|Boehringer Ingelheim|general||0|TRUE
bker|Böker|Böker|general||0|TRUE
bora-lftungstechnik|Bora Lüftungstechnik|Bora Lüftungstechnik|general||0|TRUE
bosch-company|Bosch (company)|Bosch (company)|general||0|TRUE
bosch-rexroth|Bosch Rexroth|Bosch Rexroth|general||0|TRUE
brabus|Brabus|Brabus|general||0|TRUE
brandt-company|Brandt (company)|Brandt (company)|general||0|TRUE
braun-company|Braun (company)|Braun (company)|general||0|TRUE
bresser|Bresser|Bresser|general||0|TRUE
brita-company|Brita (company)|Brita (company)|general||0|TRUE
brose-fahrzeugteile|Brose Fahrzeugteile|Brose Fahrzeugteile|general||0|TRUE
budnikowsky|Budnikowsky|Budnikowsky|general||0|TRUE
bullyland|Bullyland|Bullyland|general||0|TRUE
brkert|Bürkert|Bürkert|general||0|TRUE
c-lorenz-ag|C. Lorenz AG|C. Lorenz AG|general||0|TRUE
cg-haenel|C.G. Haenel|C.G. Haenel|general||0|TRUE
canyon-bicycles|Canyon Bicycles|Canyon Bicycles|general||0|TRUE
casco-schtzhelme|Casco Schützhelme|Casco Schützhelme|general||0|TRUE
celemony-software|Celemony Software|Celemony Software|general||0|TRUE
grnenthal|Grünenthal|Grünenthal|general||0|TRUE
cherry-ag|Cherry AG|Cherry AG|general||0|TRUE
benson-clegg|Benson & Clegg|Benson & Clegg|general||0|TRUE
benson-hedges|Benson & Hedges|Benson & Hedges|general||0|TRUE
berghaus|Berghaus|Berghaus|general||0|TRUE
berol|Berol|Berol|general||0|TRUE
betterware|Betterware|Betterware|general||0|TRUE
beulah-london|Beulah London|Beulah London|general||0|TRUE
binatone|Binatone|Binatone|general||0|TRUE
bing-soft-drink|Bing (soft drink)|Bing (soft drink)|general||0|TRUE
birmingham-battery-and-metal-company|Birmingham Battery and Metal Company|Birmingham Battery and Metal Company|general||0|TRUE
birmingham-small-arms-company|Birmingham Small Arms Company|Birmingham Small Arms Company|general||0|TRUE
bisto|Bisto|Bisto|general||0|TRUE
blackwells|Blackwell's|Blackwell's|general||0|TRUE
bluebella|Bluebella|Bluebella|general||0|TRUE
bonmarch|Bonmarché|Bonmarché|general||0|TRUE
boots-company|Boots (company)|Boots (company)|general||0|TRUE
bowers-wilkins|Bowers & Wilkins|Bowers & Wilkins|general||0|TRUE
boyces-bakery|Boyce's Bakery|Boyce's Bakery|general||0|TRUE
bp|BP|BP|general||0|TRUE
brasso|Brasso|Brasso|general||0|TRUE
bremont|Bremont|Bremont|general||0|TRUE
edenly|Edenly|Edenly|general||0|TRUE
elmex|Elmex|Elmex|general||0|TRUE
elna-swiss-company|Elna (Swiss company)|Elna (Swiss company)|general||0|TRUE
emmi-ag|Emmi AG|Emmi AG|general||0|TRUE
endresshauser|Endress+Hauser|Endress+Hauser|general||0|TRUE
favarger|Favarger|Favarger|general||0|TRUE
fenjal|Fenjal|Fenjal|general||0|TRUE
foba|Foba|Foba|general||0|TRUE
forbo-holding-ag|Forbo Holding AG|Forbo Holding AG|general||0|TRUE
franke-company|Franke (company)|Franke (company)|general||0|TRUE
gallus-holding|Gallus Holding|Gallus Holding|general||0|TRUE
geberit|Geberit|Geberit|general||0|TRUE
gisada|Gisada|Gisada|general||0|TRUE
givaudan|Givaudan|Givaudan|general||0|TRUE
glasi-hergiswil|Glasi Hergiswil|Glasi Hergiswil|general||0|TRUE
goldkenn|Goldkenn|Goldkenn|general||0|TRUE
goldvish|Goldvish|Goldvish|general||0|TRUE
grethers-pastilles|Grether's Pastilles|Grether's Pastilles|general||0|TRUE
hag|HAG|HAG|general||0|TRUE
heidicom|Heidi.com|Heidi.com|general||0|TRUE
bristan|Bristan|Bristan|general||0|TRUE
bristol-cars|Bristol Cars|Bristol Cars|general||0|TRUE
britannia-airways|Britannia Airways|Britannia Airways|general||0|TRUE
britten-norman|Britten-Norman|Britten-Norman|general||0|TRUE
britvic|Britvic|Britvic|general||0|TRUE
john-broadwood-sons|John Broadwood & Sons|John Broadwood & Sons|general||0|TRUE
brylcreem|Brylcreem|Brylcreem|general||0|TRUE
bsa-company|BSA Company|BSA Company|general||0|TRUE
bsa-motorcycles|BSA motorcycles|BSA motorcycles|general||0|TRUE
buckley-london|Buckley London|Buckley London|general||0|TRUE
bugle-car-brand|Bugle (car brand)|Bugle (car brand)|general||0|TRUE
bullitt-group|Bullitt Group|Bullitt Group|general||0|TRUE
bupa|Bupa|Bupa|general||0|TRUE
bush-electronics-brand|Bush (electronics brand)|Bush (electronics brand)|general||0|TRUE
clarks-shoe-retailer|Clarks (shoe retailer)|Clarks (shoe retailer)|general||0|TRUE
cadbury|Cadbury|Cadbury|general||0|TRUE
calor-gas|Calor Gas|Calor Gas|general||0|TRUE
cambridge-audio|Cambridge Audio|Cambridge Audio|general||0|TRUE
capital-disney|Capital Disney|Capital Disney|general||0|TRUE
capstan-cigarette|Capstan (cigarette)|Capstan (cigarette)|general||0|TRUE
carl-f-bucherer|Carl F. Bucherer|Carl F. Bucherer|fashion-luxury||0|TRUE
cartier-jeweler|Cartier (jeweler)|Cartier (jeweler)|fashion-luxury||0|TRUE
castelli-brand|Castelli (brand)|Castelli (brand)|fashion-luxury||0|TRUE
caviar-company|Caviar (company)|Caviar (company)|fashion-luxury||0|TRUE
cecil-purnell|Cecil Purnell|Cecil Purnell|fashion-luxury||0|TRUE
century-time-gems|Century Time Gems|Century Time Gems|fashion-luxury||0|TRUE
chalhoub-group|Chalhoub Group|Chalhoub Group|fashion-luxury||0|TRUE
charles-keith|Charles & Keith|Charles & Keith|fashion-luxury||0|TRUE
charles-heidsieck-champagne|Charles Heidsieck (Champagne)|Charles Heidsieck (Champagne)|fashion-luxury||0|TRUE
charriol|Charriol|Charriol|fashion-luxury||0|TRUE
chteau-cheval-blanc|Château Cheval Blanc|Château Cheval Blanc|fashion-luxury||0|TRUE
chopard|Chopard|Chopard|fashion-luxury||0|TRUE
churchs|Church's|Church's|fashion-luxury||0|TRUE
cinnamon-hotels-resorts|Cinnamon Hotels & Resorts|Cinnamon Hotels & Resorts|fashion-luxury||0|TRUE
cire-trudon|Cire Trudon|Cire Trudon|fashion-luxury||0|TRUE
clarins|Clarins|Clarins|fashion-luxury||0|TRUE
cl-de-peau-beaut|Clé de Peau Beauté|Clé de Peau Beauté|fashion-luxury||0|TRUE
colette-boutique|Colette (boutique)|Colette (boutique)|fashion-luxury||0|TRUE
comit-colbert|Comité Colbert|Comité Colbert|fashion-luxury||0|TRUE
coogi|Coogi|Coogi|fashion-luxury||0|TRUE
funskool|Funskool|Funskool|toy||0|TRUE
galaxy-serie|Galaxy Serie|Galaxy Serie|toy||0|TRUE
gamda-koor-sabra|Gamda Koor Sabra|Gamda Koor Sabra|toy||0|TRUE
gamewright-games|Gamewright Games|Gamewright Games|toy||0|TRUE
greenlight-collectibles|Greenlight Collectibles|Greenlight Collectibles|toy||0|TRUE
gund|Gund|Gund|toy||0|TRUE
hama-beads|Hama beads|Hama beads|toy||0|TRUE
hamilton-invaders|Hamilton Invaders|Hamilton Invaders|toy||0|TRUE
happy-meal|Happy Meal|Happy Meal|toy||0|TRUE
harrods-christmas-bear|Harrods Christmas bear|Harrods Christmas bear|toy||0|TRUE
hasbro|Hasbro|Hasbro|toy||0|TRUE
hatchimals|Hatchimals|Hatchimals|toy||0|TRUE
hello-kitty|Hello Kitty|Hello Kitty|toy||0|TRUE
herpa|Herpa|Herpa|toy||0|TRUE
herpa-wings|Herpa Wings|Herpa Wings|toy||0|TRUE
hot-toys|Hot Toys|Hot Toys|toy||0|TRUE
hot-wheels|Hot Wheels|Hot Wheels|toy||0|TRUE
husky-toy-brand|Husky (toy brand)|Husky (toy brand)|toy||0|TRUE
iz-toy|IZ (toy)|IZ (toy)|toy||0|TRUE
jellycat|Jellycat|Jellycat|toy||0|TRUE
jewelpet|Jewelpet|Jewelpet|toy||0|TRUE
john-hill-company|John Hill & Company|John Hill & Company|toy||0|TRUE
kakao-friends|Kakao Friends|Kakao Friends|toy||0|TRUE
kapla|Kapla|Kapla|toy||0|TRUE
keva-planks|KEVA Planks|KEVA Planks|toy||0|TRUE
kidrobot|Kidrobot|Kidrobot|toy||0|TRUE
kitty-in-my-pocket|Kitty in My Pocket|Kitty in My Pocket|toy||0|TRUE
koosh-ball|Koosh ball|Koosh ball|toy||0|TRUE
koosh-kins|Koosh Kins|Koosh Kins|toy||0|TRUE
kota-the-triceratops|Kota the triceratops|Kota the triceratops|toy||0|TRUE
kre-o|Kre-O|Kre-O|toy||0|TRUE
labubu|Labubu|Labubu|toy||0|TRUE
legendz|Legendz|Legendz|toy||0|TRUE
lima-models|Lima (models)|Lima (models)|toy||0|TRUE
line-friends|Line Friends|Line Friends|toy||0|TRUE
lintoy|Lintoy|Lintoy|toy||0|TRUE
little-live-gotta-go-pets-brand|"Little Live ""Gotta Go"" Pets (brand)"|"Little Live ""Gotta Go"" Pets (brand)"|toy||0|TRUE
littlest-pet-shop|Littlest Pet Shop|Littlest Pet Shop|toy||0|TRUE
lledo|Lledo|Lledo|toy||0|TRUE
lone-star-toys|Lone Star Toys|Lone Star Toys|toy||0|TRUE
cortbert-watch-manufacturer|Cortébert (watch manufacturer)|Cortébert (watch manufacturer)|fashion-luxury||0|TRUE
corum-watchmakers|Corum (watchmakers)|Corum (watchmakers)|fashion-luxury||0|TRUE
cottin-sas|Cottin SAS|Cottin SAS|fashion-luxury||0|TRUE
cunard-line|Cunard Line|Cunard Line|fashion-luxury||0|TRUE
curtis-australia|Curtis Australia|Curtis Australia|fashion-luxury||0|TRUE
ds-durga|D.S. & Durga|D.S. & Durga|fashion-luxury||0|TRUE
george-daniels-watchmaker|George Daniels (watchmaker)|George Daniels (watchmaker)|fashion-luxury||0|TRUE
de-beers|De Beers|De Beers|fashion-luxury||0|TRUE
de-grisogono|De Grisogono|De Grisogono|fashion-luxury||0|TRUE
delvaux-company|Delvaux (company)|Delvaux (company)|fashion-luxury||0|TRUE
dennison-watch|Dennison Watch|Dennison Watch|fashion-luxury||0|TRUE
deus-ex-machina-company|Deus Ex Machina (company)|Deus Ex Machina (company)|fashion-luxury||0|TRUE
dickins-jones|Dickins & Jones|Dickins & Jones|fashion-luxury||0|TRUE
diffus-design|Diffus Design|Diffus Design|fashion-luxury||0|TRUE
diptyque|Diptyque|Diptyque|fashion-luxury||0|TRUE
dolcegabbana-beauty|Dolce&Gabbana Beauty|Dolce&Gabbana Beauty|fashion-luxury||0|TRUE
dom-prignon|Dom Pérignon|Dom Pérignon|fashion-luxury||0|TRUE
adolfo-domnguez|Adolfo Domínguez|Adolfo Domínguez|fashion-luxury||0|TRUE
dover-street-market|Dover Street Market|Dover Street Market|fashion-luxury||0|TRUE
drumohr|Drumohr|Drumohr|fashion-luxury||0|TRUE
amundi|Amundi|Amundi|general||0|TRUE
andros-company|Andros (company)|Andros (company)|general||0|TRUE
ankama|Ankama|Ankama|general||0|TRUE
arc-holdings|Arc Holdings|Arc Holdings|general||0|TRUE
archos|Archos|Archos|general||0|TRUE
areva|Areva|Areva|general||0|TRUE
arkema|Arkema|Arkema|general||0|TRUE
armand-colin|Armand Colin|Armand Colin|general||0|TRUE
armand-de-brignac|Armand de Brignac|Armand de Brignac|general||0|TRUE
arturia|Arturia|Arturia|general||0|TRUE
lassociation|L'Association|L'Association|general||0|TRUE
asteelflash-group|Asteelflash Group|Asteelflash Group|general||0|TRUE
at-internet|AT Internet|AT Internet|general||0|TRUE
atac|Atac|Atac|general||0|TRUE
atari|Atari|Atari|general||0|TRUE
atos|Atos|Atos|general||0|TRUE
au-dpart|Au Départ|Au Départ|general||0|TRUE
auchan|Auchan|Auchan|general||0|TRUE
dominique-aurientis|Dominique Aurientis|Dominique Aurientis|general||0|TRUE
automobiles-chatenet|Automobiles Chatenet|Automobiles Chatenet|general||0|TRUE
cj-enm-films-television|CJ ENM Films & Television|CJ ENM Films & Television|general||0|TRUE
cj-group|CJ Group|CJ Group|general||0|TRUE
cort-guitars|Cort Guitars|Cort Guitars|general||0|TRUE
coupang|Coupang|Coupang|general||0|TRUE
cowon|Cowon|Cowon|general||0|TRUE
crown-confectionery|Crown Confectionery|Crown Confectionery|general||0|TRUE
crucialtec|CrucialTec|CrucialTec|general||0|TRUE
ctt-united|CT&T United|CT&T United|general||0|TRUE
cu-store|CU (store)|CU (store)|general||0|TRUE
cuckoo-electronics|Cuckoo Electronics|Cuckoo Electronics|general||0|TRUE
daedong-company|Daedong (company)|Daedong (company)|general||0|TRUE
daewon-media|Daewon Media|Daewon Media|general||0|TRUE
daewoo|Daewoo|Daewoo|general||0|TRUE
dasan-networks|DASAN Networks|DASAN Networks|general||0|TRUE
daum-web-portal|Daum (web portal)|Daum (web portal)|general||0|TRUE
dawonsys|Dawonsys|Dawonsys|general||0|TRUE
db-hitek|DB HiTek|DB HiTek|general||0|TRUE
db-insurance|DB Insurance|DB Insurance|general||0|TRUE
di-corporation|DI Corporation|DI Corporation|general||0|TRUE
dl-ec|DL E&C|DL E&C|general||0|TRUE
alba-watch|Alba (watch)|Alba (watch)|general||0|TRUE
alinco|Alinco|Alinco|general||0|TRUE
all-nippon-airways|All Nippon Airways|All Nippon Airways|general||0|TRUE
allied-telesis|Allied Telesis|Allied Telesis|general||0|TRUE
alpine-electronics|Alpine Electronics|Alpine Electronics|general||0|TRUE
alps-alpine|Alps Alpine|Alps Alpine|general||0|TRUE
amada-company|Amada (company)|Amada (company)|general||0|TRUE
ana-hotels|ANA Hotels|ANA Hotels|general||0|TRUE
ando-cloisonn-company|Ando Cloisonné Company|Ando Cloisonné Company|general||0|TRUE
anest-iwata|Anest Iwata|Anest Iwata|general||0|TRUE
anritsu|Anritsu|Anritsu|general||0|TRUE
aor-company|AOR (company)|AOR (company)|general||0|TRUE
apa-group-japan|APA Group (Japan)|APA Group (Japan)|general||0|TRUE
arai-helmet|Arai Helmet|Arai Helmet|general||0|TRUE
aria-guitar-company|Aria (guitar company)|Aria (guitar company)|general||0|TRUE
aritsugu|Aritsugu|Aritsugu|general||0|TRUE
asahi-breweries|Asahi Breweries|Asahi Breweries|general||0|TRUE
asahi-kasei|Asahi Kasei|Asahi Kasei|general||0|TRUE
asaka-distillery|Asaka distillery|Asaka distillery|general||0|TRUE
asmik-ace|Asmik Ace|Asmik Ace|general||0|TRUE
china-lucky-film|China Lucky Film|China Lucky Film|general||0|TRUE
china-medical-technologies|China Medical Technologies|China Medical Technologies|general||0|TRUE
china-merchants-bank|China Merchants Bank|China Merchants Bank|general||0|TRUE
china-minsheng-bank|China Minsheng Bank|China Minsheng Bank|general||0|TRUE
china-mobile|China Mobile|China Mobile|general||0|TRUE
china-national-aviation-corporation|China National Aviation Corporation|China National Aviation Corporation|general||0|TRUE
china-national-erzhong-group|China National Erzhong Group|China National Erzhong Group|general||0|TRUE
china-national-heavy-duty-truck-group|China National Heavy Duty Truck Group|China National Heavy Duty Truck Group|general||0|TRUE
china-national-machinery-industry-corporation|China National Machinery Industry Corporation|China National Machinery Industry Corporation|general||0|TRUE
china-nepstar|China Nepstar|China Nepstar|general||0|TRUE
china-pacific-insurance-company|China Pacific Insurance Company|China Pacific Insurance Company|general||0|TRUE
china-post|China Post|China Post|general||0|TRUE
china-railway|China Railway|China Railway|general||0|TRUE
china-shipbuilding-industry-corporation|China Shipbuilding Industry Corporation|China Shipbuilding Industry Corporation|general||0|TRUE
china-south-industries-group|China South Industries Group|China South Industries Group|general||0|TRUE
china-southern-airlines|China Southern Airlines|China Southern Airlines|general||0|TRUE
china-southern-power-grid|China Southern Power Grid|China Southern Power Grid|general||0|TRUE
china-southwest-airlines|China Southwest Airlines|China Southwest Airlines|general||0|TRUE
china-state-shipbuilding-corporation|China State Shipbuilding Corporation|China State Shipbuilding Corporation|general||0|TRUE
china-sunergy|China Sunergy|China Sunergy|general||0|TRUE
lulu-the-piggy|LuLu the Piggy|LuLu the Piggy|toy||0|TRUE
madballs|Madballs|Madballs|toy||0|TRUE
maisto|Maisto|Maisto|toy||0|TRUE
majorette-toy-manufacturer|Majorette (toy manufacturer)|Majorette (toy manufacturer)|toy||0|TRUE
mamod|Mamod|Mamod|toy||0|TRUE
manoil-manufacturing-co|Manoil Manufacturing Co.|Manoil Manufacturing Co.|toy||0|TRUE
matador-toy|Matador (toy)|Matador (toy)|toy||0|TRUE
matchbox-brand|Matchbox (brand)|Matchbox (brand)|toy||0|TRUE
mattel|Mattel|Mattel|toy||0|TRUE
mebetoys|Mebetoys|Mebetoys|toy||0|TRUE
merrythought|Merrythought|Merrythought|toy||0|TRUE
metosul|Metosul|Metosul|toy||0|TRUE
mettoy|Mettoy|Mettoy|toy||0|TRUE
micro-machines|Micro Machines|Micro Machines|toy||0|TRUE
mighty-beanz|Mighty Beanz|Mighty Beanz|toy||0|TRUE
mikro67|Mikro'67|Mikro'67|toy||0|TRUE
mini-brands|Mini Brands|Mini Brands|toy||0|TRUE
minibrix|Minibrix|Minibrix|toy||0|TRUE
minimates|Minimates|Minimates|toy||0|TRUE
monkgomery|Monkgomery|Monkgomery|toy||0|TRUE
7saber|7SABER|7SABER|sportswear||0|TRUE
altra-running|Altra Running|Altra Running|sportswear||0|TRUE
and1|AND1|AND1|sportswear||0|TRUE
arena-swimwear|Arena (swimwear)|Arena (swimwear)|sportswear||0|TRUE
aritzia|Aritzia|Aritzia|sportswear||0|TRUE
armani|Armani|Armani|sportswear||0|TRUE
ashworth-clothing|Ashworth (clothing)|Ashworth (clothing)|sportswear||0|TRUE
atak-sportswear|ATAK Sportswear|ATAK Sportswear|sportswear||0|TRUE
athleta-company|Athleta (company)|Athleta (company)|sportswear||0|TRUE
athleta-fashion|Athleta (fashion)|Athleta (fashion)|sportswear||0|TRUE
athletic-dna|Athletic DNA|Athletic DNA|sportswear||0|TRUE
atletica|Atletica|Atletica|sportswear||0|TRUE
audimas|Audimas|Audimas|sportswear||0|TRUE
aussiebum|AussieBum|AussieBum|sportswear||0|TRUE
babolat|Babolat|Babolat|sportswear||0|TRUE
bad-boy-brand|Bad Boy (brand)|Bad Boy (brand)|sportswear||0|TRUE
basutoland-ink|Basutoland Ink|Basutoland Ink|sportswear||0|TRUE
bauerfeind|Bauerfeind|Bauerfeind|sportswear||0|TRUE
beyond-yoga|Beyond Yoga|Beyond Yoga|sportswear||0|TRUE
big-5-sporting-goods|Big 5 Sporting Goods|Big 5 Sporting Goods|sportswear||0|TRUE
automobiles-erad|Automobiles ERAD|Automobiles ERAD|general||0|TRUE
automobiles-hotchkiss|Automobiles Hotchkiss|Automobiles Hotchkiss|general||0|TRUE
automobiles-l-rosengart|Automobiles L. Rosengart|Automobiles L. Rosengart|general||0|TRUE
automobiles-talbot-france|Automobiles Talbot France|Automobiles Talbot France|general||0|TRUE
avenir-telecom|Avenir Telecom|Avenir Telecom|general||0|TRUE
avions-voisin|Avions Voisin|Avions Voisin|general||0|TRUE
axa|Axa|Axa|general||0|TRUE
babybel|Babybel|Babybel|general||0|TRUE
babyliss|BaByliss|BaByliss|general||0|TRUE
bac-films|BAC Films|BAC Films|general||0|TRUE
baccarat-company|Baccarat (company)|Baccarat (company)|general||0|TRUE
badoit|Badoit|Badoit|general||0|TRUE
balmain-fashion-house|Balmain (fashion house)|Balmain (fashion house)|general||0|TRUE
bamsemums|Bamsemums|Bamsemums|general||0|TRUE
banania|Banania|Banania|general||0|TRUE
bb-hotels|B&B Hotels|B&B Hotels|general||0|TRUE
banque-palatine|Banque Palatine|Banque Palatine|general||0|TRUE
la-banque-postale|La Banque postale|La Banque postale|general||0|TRUE
barclay-record-label|Barclay (record label)|Barclay (record label)|general||0|TRUE
baron-de-lestac|Baron de Lestac|Baron de Lestac|general||0|TRUE
camper-company|Camper (company)|Camper (company)|fashion||0|TRUE
cariuma|Cariuma|Cariuma|fashion||0|TRUE
cats-paw-brand|Cat's Paw (brand)|Cat's Paw (brand)|fashion||0|TRUE
chaco-footwear|Chaco (footwear)|Chaco (footwear)|fashion||0|TRUE
charles-david-company|Charles David (company)|Charles David (company)|fashion||0|TRUE
circa-company|Circa (company)|Circa (company)|fashion||0|TRUE
colchester-rubber-co|Colchester Rubber Co.|Colchester Rubber Co.|fashion||0|TRUE
cole-haan|Cole Haan|Cole Haan|fashion||0|TRUE
columbia-montrail|Columbia Montrail|Columbia Montrail|fashion||0|TRUE
columbia-sportswear|Columbia Sportswear|Columbia Sportswear|fashion||0|TRUE
common-projects|Common Projects|Common Projects|fashion||0|TRUE
crocs|Crocs|Crocs|fashion||0|TRUE
dc-shoes|DC Shoes|DC Shoes|fashion||0|TRUE
mohamed-dia|Mohamed Dia|Mohamed Dia|fashion||0|TRUE
diadora|Diadora|Diadora|fashion||0|TRUE
dr-kong-brand|Dr. Kong (brand)|Dr. Kong (brand)|fashion||0|TRUE
dr-martens|Dr. Martens|Dr. Martens|fashion||0|TRUE
duarig|Duarig|Duarig|fashion||0|TRUE
dune-london|Dune London|Dune London|fashion||0|TRUE
dunlop-sport-australia|Dunlop Sport (Australia)|Dunlop Sport (Australia)|fashion||0|TRUE
bel-group|Bel Group|Bel Group|general||0|TRUE
bellanger-automobile|Bellanger (automobile)|Bellanger (automobile)|general||0|TRUE
bergger|Bergger|Bergger|general||0|TRUE
berliet|Berliet|Berliet|general||0|TRUE
berthillon|Berthillon|Berthillon|general||0|TRUE
betjeman-barton|Betjeman & Barton|Betjeman & Barton|general||0|TRUE
beuchat|Beuchat|Beuchat|general||0|TRUE
bic|Bic|Bic|general||0|TRUE
bire-de-garde|Bière de Garde|Bière de Garde|general||0|TRUE
bignan-automobile|Bignan (automobile)|Bignan (automobile)|general||0|TRUE
bioderma|Bioderma|Bioderma|general||0|TRUE
biomrieux|BioMérieux|BioMérieux|general||0|TRUE
bnp-paribas|BNP Paribas|BNP Paribas|general||0|TRUE
boiron|Boiron|Boiron|general||0|TRUE
bollack-netter-and-co|Bollack Netter and Co|Bollack Netter and Co|general||0|TRUE
bollor|Bolloré|Bolloré|general||0|TRUE
bonduelle|Bonduelle|Bonduelle|general||0|TRUE
bonnat-chocolates|Bonnat Chocolates|Bonnat Chocolates|general||0|TRUE
bonne-maman|Bonne Maman|Bonne Maman|general||0|TRUE
bookeen|Bookeen|Bookeen|general||0|TRUE
dn-automotive|DN Automotive|DN Automotive|general||0|TRUE
dna-motors|DNA Motors|DNA Motors|general||0|TRUE
dohwa|Dohwa|Dohwa|general||0|TRUE
dong-ah-geological-engineering|Dong-Ah Geological Engineering|Dong-Ah Geological Engineering|general||0|TRUE
doosan-corporation|Doosan Corporation|Doosan Corporation|general||0|TRUE
doosan-group|Doosan Group|Doosan Group|general||0|TRUE
doosan-enerbility|Doosan Enerbility|Doosan Enerbility|general||0|TRUE
doosan-robotics|Doosan Robotics|Doosan Robotics|general||0|TRUE
dr-jart|Dr. Jart+|Dr. Jart+|general||0|TRUE
e-land-group|E-Land Group|E-Land Group|general||0|TRUE
eastar-jet|Eastar Jet|Eastar Jet|general||0|TRUE
estsoft|ESTsoft|ESTsoft|general||0|TRUE
eukor|EUKOR|EUKOR|general||0|TRUE
exr-clothing|EXR (clothing)|EXR (clothing)|general||0|TRUE
freenex|Freenex|Freenex|general||0|TRUE
genematrix|GeneMatrix|GeneMatrix|general||0|TRUE
genesis-motor|Genesis Motor|Genesis Motor|general||0|TRUE
gentle-monster|Gentle Monster|Gentle Monster|general||0|TRUE
giga-island|GiGA Island|GiGA Island|general||0|TRUE
gin-gliders|Gin Gliders|Gin Gliders|general||0|TRUE
excite-web-portal|Excite (web portal)|Excite (web portal)|general||0|TRUE
expeditors-international|Expeditors International|Expeditors International|general||0|TRUE
exponent-inc|Exponent, Inc.|Exponent, Inc.|general||0|TRUE
exxonmobil|ExxonMobil|ExxonMobil|general||0|TRUE
farrow-customs-brokerage|Farrow (customs brokerage)|Farrow (customs brokerage)|general||0|TRUE
fedex|FedEx|FedEx|general||0|TRUE
fico|FICO|FICO|general||0|TRUE
fidelity-investments|Fidelity Investments|Fidelity Investments|general||0|TRUE
fis-company|FIS (company)|FIS (company)|general||0|TRUE
fiserv|Fiserv|Fiserv|general||0|TRUE
fluor-corporation|Fluor Corporation|Fluor Corporation|general||0|TRUE
ford-motor-company|Ford Motor Company|Ford Motor Company|general||0|TRUE
ga-telesis|GA Telesis|GA Telesis|general||0|TRUE
gap-inc|Gap Inc.|Gap Inc.|general||0|TRUE
ge-vernova|GE Vernova|GE Vernova|general||0|TRUE
gen-digital|Gen Digital|Gen Digital|general||0|TRUE
general-dynamics|General Dynamics|General Dynamics|general||0|TRUE
general-electric|General Electric|General Electric|general||0|TRUE
general-mills|General Mills|General Mills|general||0|TRUE
general-motors|General Motors|General Motors|general||0|TRUE
big-baller-brand|Big Baller Brand|Big Baller Brand|sportswear||0|TRUE
big-dog-company|Big Dog (company)|Big Dog (company)|sportswear||0|TRUE
bike-athletic-company|BIKE Athletic Company|BIKE Athletic Company|sportswear||0|TRUE
dirk-bikkembergs|Dirk Bikkembergs|Dirk Bikkembergs|sportswear||0|TRUE
billabong-clothing|Billabong (clothing)|Billabong (clothing)|sportswear||0|TRUE
bjrn-borg-brand|Björn Borg (brand)|Björn Borg (brand)|sportswear||0|TRUE
blk-sportswear|BLK (sportswear)|BLK (sportswear)|sportswear||0|TRUE
bodyrock-sport|BodyRock Sport|BodyRock Sport|sportswear||0|TRUE
boxa|Boxa|Boxa|sportswear||0|TRUE
boxeur-des-rues|Boxeur Des Rues|Boxeur Des Rues|sportswear||0|TRUE
brine-brand|Brine (brand)|Brine (brand)|sportswear||0|TRUE
british-cricket-balls-ltd|British Cricket Balls Ltd|British Cricket Balls Ltd|sportswear||0|TRUE
british-knights|British Knights|British Knights|sportswear||0|TRUE
brooks-sports|Brooks Sports|Brooks Sports|sportswear||0|TRUE
bukta|Bukta|Bukta|sportswear||0|TRUE
burley-sekem|Burley-Sekem|Burley-Sekem|sportswear||0|TRUE
burrda-sport|Burrda Sport|Burrda Sport|sportswear||0|TRUE
george-g-bussey-co|George G. Bussey & Co.|George G. Bussey & Co.|sportswear||0|TRUE
butterfly-brand|Butterfly (brand)|Butterfly (brand)|sportswear||0|TRUE
ca-sports|CA Sports|CA Sports|sportswear||0|TRUE
bouchara-trademark|Bouchara (trademark)|Bouchara (trademark)|general||0|TRUE
boucheron|Boucheron|Boucheron|general||0|TRUE
bourjois|Bourjois|Bourjois|general||0|TRUE
bouygues-telecom|Bouygues Telecom|Bouygues Telecom|general||0|TRUE
bpce-group|BPCE Group|BPCE Group|general||0|TRUE
brandt-brand|Brandt (brand)|Brandt (brand)|general||0|TRUE
brasserie-de-saint-sylvestre|Brasserie de Saint-Sylvestre|Brasserie de Saint-Sylvestre|general||0|TRUE
brasserie-thiriez|Brasserie Thiriez|Brasserie Thiriez|general||0|TRUE
bricomarch|Bricomarché|Bricomarché|general||0|TRUE
bricostore|Bricostore|Bricostore|general||0|TRUE
bruay-mining-company|Bruay Mining Company|Bruay Mining Company|general||0|TRUE
buffet-crampon|Buffet Crampon|Buffet Crampon|general||0|TRUE
bugatti-automobiles|Bugatti Automobiles|Bugatti Automobiles|general||0|TRUE
but-retailer|BUT (retailer)|BUT (retailer)|general||0|TRUE
cabasse-company|Cabasse (company)|Cabasse (company)|general||0|TRUE
cacharel|Cacharel|Cacharel|general||0|TRUE
calmann-lvy|Calmann-Lévy|Calmann-Lévy|general||0|TRUE
camaeu-company|Camaïeu (company)|Camaïeu (company)|general||0|TRUE
cameca|CAMECA|CAMECA|general||0|TRUE
campingaz|Campingaz|Campingaz|general||0|TRUE
genesys-company|Genesys (company)|Genesys (company)|general||0|TRUE
goodyear-tire-and-rubber-company|Goodyear Tire and Rubber Company|Goodyear Tire and Rubber Company|general||0|TRUE
griffon-corporation|Griffon Corporation|Griffon Corporation|general||0|TRUE
guidance-software|Guidance Software|Guidance Software|general||0|TRUE
hanesbrands|Hanesbrands|Hanesbrands|general||0|TRUE
harris-corporation|Harris Corporation|Harris Corporation|general||0|TRUE
heinz|Heinz|Heinz|general||0|TRUE
hewlett-packard-enterprise|Hewlett Packard Enterprise|Hewlett Packard Enterprise|general||0|TRUE
hill-knowlton|Hill & Knowlton|Hill & Knowlton|general||0|TRUE
home-box-office-inc|Home Box Office, Inc.|Home Box Office, Inc.|general||0|TRUE
hp-inc|HP Inc.|HP Inc.|general||0|TRUE
ibex-global|Ibex Global|Ibex Global|general||0|TRUE
infogix-inc|Infogix, Inc.|Infogix, Inc.|general||0|TRUE
ingredion|Ingredion|Ingredion|general||0|TRUE
insight-enterprises|Insight Enterprises|Insight Enterprises|general||0|TRUE
instacart|Instacart|Instacart|general||0|TRUE
interactive-brokers|Interactive Brokers|Interactive Brokers|general||0|TRUE
international-paper|International Paper|International Paper|general||0|TRUE
iyuno|Iyuno|Iyuno|general||0|TRUE
jacobs-solutions|Jacobs Solutions|Jacobs Solutions|general||0|TRUE
aspark|Aspark|Aspark|general||0|TRUE
astellas-pharma|Astellas Pharma|Astellas Pharma|general||0|TRUE
au-mobile-phone-company|Au (mobile phone company)|Au (mobile phone company)|general||0|TRUE
audio-technica|Audio-Technica|Audio-Technica|general||0|TRUE
autech|Autech|Autech|general||0|TRUE
bandai-namco-entertainment|Bandai Namco Entertainment|Bandai Namco Entertainment|general||0|TRUE
bh-lifes|B&H Lifes|B&H Lifes|general||0|TRUE
bank-of-yokohama|Bank of Yokohama|Bank of Yokohama|general||0|TRUE
banpresto|Banpresto|Banpresto|general||0|TRUE
bic-camera|Bic Camera|Bic Camera|general||0|TRUE
blitz-company|Blitz (company)|Blitz (company)|general||0|TRUE
bonbon-drop-stickers|Bonbon Drop stickers|Bonbon Drop stickers|general||0|TRUE
atelier-bow-wow|Atelier Bow-Wow|Atelier Bow-Wow|general||0|TRUE
bridgestone|Bridgestone|Bridgestone|general||0|TRUE
bronica|Bronica|Bronica|general||0|TRUE
brother-industries|Brother Industries|Brother Industries|general||0|TRUE
canon-inc|Canon Inc.|Canon Inc.|general||0|TRUE
canon-eos|Canon EOS|Canon EOS|general||0|TRUE
capcom|Capcom|Capcom|general||0|TRUE
casio|Casio|Casio|general||0|TRUE
callaway-golf-company|Callaway Golf Company|Callaway Golf Company|sportswear||0|TRUE
capelli-sport|Capelli Sport|Capelli Sport|sportswear||0|TRUE
castore|Castore|Castore|sportswear||0|TRUE
ccm-ice-hockey|CCM (ice hockey)|CCM (ice hockey)|sportswear||0|TRUE
celio-retailer|Celio (retailer)|Celio (retailer)|sportswear||0|TRUE
choeusu|Ch'oeusu|Ch'oeusu|sportswear||0|TRUE
champion-sportswear|Champion (sportswear)|Champion (sportswear)|sportswear||0|TRUE
champs-brand|Champs (brand)|Champs (brand)|sportswear||0|TRUE
charly-brand|Charly (brand)|Charly (brand)|sportswear||0|TRUE
ciesse-piumini|Ciesse Piumini|Ciesse Piumini|sportswear||0|TRUE
cimalp|Cimalp|Cimalp|sportswear||0|TRUE
classic-football-shirts|Classic Football Shirts|Classic Football Shirts|sportswear||0|TRUE
classic-sportswear|Classic Sportswear|Classic Sportswear|sportswear||0|TRUE
colnago|Colnago|Colnago|sportswear||0|TRUE
converse-brand|Converse (brand)|Converse (brand)|sportswear||0|TRUE
le-coq-sportif|Le Coq Sportif|Le Coq Sportif|sportswear||0|TRUE
cosco-india-limited|Cosco (India) Limited|Cosco (India) Limited|sportswear||0|TRUE
cotton-on-group|Cotton On Group|Cotton On Group|sportswear||0|TRUE
craft-sportswear|Craft Sportswear|Craft Sportswear|sportswear||0|TRUE
crons|Crons|Crons|sportswear||0|TRUE
farmers-union-iced-coffee|Farmers Union Iced Coffee|Farmers Union Iced Coffee|food||0|TRUE
figaro-coffee|Figaro Coffee|Figaro Coffee|food||0|TRUE
fire-department-coffee|Fire Department Coffee|Fire Department Coffee|food||0|TRUE
flocaf|Flocafé|Flocafé|food||0|TRUE
folgers|Folgers|Folgers|food||0|TRUE
franck-company|Franck (company)|Franck (company)|food||0|TRUE
the-freaky-bean-coffee-company|The Freaky Bean Coffee Company|The Freaky Bean Coffee Company|food||0|TRUE
friele|Friele|Friele|food||0|TRUE
gavia-gourmet-coffee|Gaviña Gourmet Coffee|Gaviña Gourmet Coffee|food||0|TRUE
georgia-coffee|Georgia (coffee)|Georgia (coffee)|food||0|TRUE
gevalia|Gevalia|Gevalia|food||0|TRUE
gregorys-coffee|Gregorys Coffee|Gregorys Coffee|food||0|TRUE
guglielmo-caff|Guglielmo Caffè|Guglielmo Caffè|food||0|TRUE
high-point-coffee|High Point (coffee)|High Point (coffee)|food||0|TRUE
highlands-coffee|Highlands Coffee|Highlands Coffee|food||0|TRUE
hogood-coffee|Hogood Coffee|Hogood Coffee|food||0|TRUE
horn-hardart|Horn & Hardart|Horn & Hardart|food||0|TRUE
illy|Illy|Illy|food||0|TRUE
intelligentsia-coffee-tea|Intelligentsia Coffee & Tea|Intelligentsia Coffee & Tea|food||0|TRUE
jacobs-coffee|Jacobs (coffee)|Jacobs (coffee)|food||0|TRUE
montini-toy|Montini (toy)|Montini (toy)|toy||0|TRUE
morestone-toys|Morestone toys|Morestone toys|toy||0|TRUE
muky|Muky|Muky|toy||0|TRUE
my-little-pony|My Little Pony|My Little Pony|toy||0|TRUE
needoh|NeeDoh|NeeDoh|toy||0|TRUE
nelsonic-industries|Nelsonic Industries|Nelsonic Industries|toy||0|TRUE
norev|Norev|Norev|toy||0|TRUE
nosco-plastics|Nosco Plastics|Nosco Plastics|toy||0|TRUE
nutty-mads|Nutty Mads|Nutty Mads|toy||0|TRUE
nzg-models|NZG Models|NZG Models|toy||0|TRUE
omnibot|Omnibot|Omnibot|toy||0|TRUE
onell-design|Onell Design|Onell Design|toy||0|TRUE
pal-mickey|Pal Mickey|Pal Mickey|toy||0|TRUE
pastime-puzzles|Pastime Puzzles|Pastime Puzzles|toy||0|TRUE
paw-patrol|Paw Patrol|Paw Patrol|toy||0|TRUE
perler-beads|Perler beads|Perler beads|toy||0|TRUE
pillow-pets|Pillow Pets|Pillow Pets|toy||0|TRUE
plasticville|Plasticville|Plasticville|toy||0|TRUE
playart|Playart|Playart|toy||0|TRUE
playmates-toys|Playmates Toys|Playmates Toys|toy||0|TRUE
curry-brand|Curry Brand|Curry Brand|sportswear||0|TRUE
danskin-brand|Danskin (brand)|Danskin (brand)|sportswear||0|TRUE
de-marchi-clothing|De Marchi (clothing)|De Marchi (clothing)|sportswear||0|TRUE
decathlon-retailer|Decathlon (retailer)|Decathlon (retailer)|sportswear||0|TRUE
delfina-sport|Delfina Sport|Delfina Sport|sportswear||0|TRUE
descente|Descente|Descente|sportswear||0|TRUE
deuter-sport|Deuter Sport|Deuter Sport|sportswear||0|TRUE
diapolo|Diapolo|Diapolo|sportswear||0|TRUE
donnay|Donnay|Donnay|sportswear||0|TRUE
dryworld|Dryworld|Dryworld|sportswear||0|TRUE
dw-sports-fitness|DW Sports Fitness|DW Sports Fitness|sportswear||0|TRUE
elephant-surf|Elephant Surf|Elephant Surf|sportswear||0|TRUE
ellesse|Ellesse|Ellesse|sportswear||0|TRUE
erigo|Erigo|Erigo|sportswear||0|TRUE
erke-brand|Erke (brand)|Erke (brand)|sportswear||0|TRUE
erre|Erreà|Erreà|sportswear||0|TRUE
everlast-brand|Everlast (brand)|Everlast (brand)|sportswear||0|TRUE
ewing-athletics|Ewing Athletics|Ewing Athletics|sportswear||0|TRUE
fabletics|Fabletics|Fabletics|sportswear||0|TRUE
the-faction-collective|The Faction Collective|The Faction Collective|sportswear||0|TRUE
cirquent|Cirquent|Cirquent|general||0|TRUE
claas|Claas|Claas|general||0|TRUE
comdirect-bank|Comdirect Bank|Comdirect Bank|general||0|TRUE
commerzbank|Commerzbank|Commerzbank|general||0|TRUE
condomi|Condomi|Condomi|general||0|TRUE
conergy|Conergy|Conergy|general||0|TRUE
congstar|Congstar|Congstar|general||0|TRUE
constructa-neff|Constructa-Neff|Constructa-Neff|general||0|TRUE
continental-ag|Continental AG|Continental AG|general||0|TRUE
coppenrath-wiese|Coppenrath & Wiese|Coppenrath & Wiese|general||0|TRUE
creme-21|Creme 21|Creme 21|general||0|TRUE
cube-bikes|Cube Bikes|Cube Bikes|general||0|TRUE
damasko|Damasko|Damasko|general||0|TRUE
dango-dienenthal|Dango & Dienenthal|Dango & Dienenthal|general||0|TRUE
dear-reality|Dear Reality|Dear Reality|general||0|TRUE
delo-industrial-adhesives|DELO Industrial Adhesives|DELO Industrial Adhesives|general||0|TRUE
demag|Demag|Demag|general||0|TRUE
derby-cycle|Derby Cycle|Derby Cycle|general||0|TRUE
deutsche-bahn|Deutsche Bahn|Deutsche Bahn|general||0|TRUE
deutsche-bank|Deutsche Bank|Deutsche Bank|general||0|TRUE
cateye|CatEye|CatEye|general||0|TRUE
century-marque|Century (marque)|Century (marque)|general||0|TRUE
chichibu-distillery|Chichibu distillery|Chichibu distillery|general||0|TRUE
chita-distillery|Chita distillery|Chita distillery|general||0|TRUE
chiyoda-corporation|Chiyoda Corporation|Chiyoda Corporation|general||0|TRUE
citizen-watch|Citizen Watch|Citizen Watch|general||0|TRUE
clarino|Clarino|Clarino|general||0|TRUE
clarion-company|Clarion (company)|Clarion (company)|general||0|TRUE
comme-des-garons|Comme des Garçons|Comme des Garçons|general||0|TRUE
comsys|Comsys|Comsys|general||0|TRUE
copic|Copic|Copic|general||0|TRUE
corega|Corega|Corega|general||0|TRUE
cosina|Cosina|Cosina|general||0|TRUE
cosina-voigtlnder|Cosina Voigtländer|Cosina Voigtländer|general||0|TRUE
cosmo-oil-company|Cosmo Oil Company|Cosmo Oil Company|general||0|TRUE
cusco-japan|CUSCO Japan|CUSCO Japan|general||0|TRUE
cyberagent|CyberAgent|CyberAgent|general||0|TRUE
cyberdyne-inc|Cyberdyne Inc.|Cyberdyne Inc.|general||0|TRUE
daiichi-life|Daiichi Life|Daiichi Life|general||0|TRUE
daicel|Daicel|Daicel|general||0|TRUE
tan-qindong-incident|Tan Qindong incident|Tan Qindong incident|healthcare||0|TRUE
xbiotech|XBiotech|XBiotech|healthcare||0|TRUE
leon-beer|Leon Beer|Leon Beer|beverage||0|TRUE
lion-red|Lion Red|Lion Red|beverage||0|TRUE
lone-tree-brewery|Lone Tree Brewery|Lone Tree Brewery|beverage||0|TRUE
carlsberg-britvic|Carlsberg Britvic|Carlsberg Britvic|beverage||0|TRUE
mccashins-brewery|McCashin's Brewery|McCashin's Brewery|beverage||0|TRUE
mosi-beer|Mosi (beer)|Mosi (beer)|beverage||0|TRUE
murau-brewery|Murau Brewery|Murau Brewery|beverage||0|TRUE
murree-beer|Murree beer|Murree beer|beverage||0|TRUE
nam-nam-alley|Nam Nam Alley|Nam Nam Alley|beverage||0|TRUE
new-belgium-brewing-company|New Belgium Brewing Company|New Belgium Brewing Company|beverage||0|TRUE
phjala-brewery|Põhjala Brewery|Põhjala Brewery|beverage||0|TRUE
presidente-beer|Presidente (beer)|Presidente (beer)|beverage||0|TRUE
prestige-beer|Prestige (beer)|Prestige (beer)|beverage||0|TRUE
red-horse-beer|Red Horse Beer|Red Horse Beer|beverage||0|TRUE
red-stripe|Red Stripe|Red Stripe|beverage||0|TRUE
royal-swinkels|Royal Swinkels|Royal Swinkels|beverage||0|TRUE
san-miguel-beer|San Miguel Beer|San Miguel Beer|beverage||0|TRUE
san-miguel-brewery|San Miguel Brewery|San Miguel Brewery|beverage||0|TRUE
deutsche-kreditbank|Deutsche Kreditbank|Deutsche Kreditbank|general||0|TRUE
deutsche-post|Deutsche Post|Deutsche Post|general||0|TRUE
deutsche-telekom|Deutsche Telekom|Deutsche Telekom|general||0|TRUE
deutscher-herold|Deutscher Herold|Deutscher Herold|general||0|TRUE
deutz-ag|Deutz AG|Deutz AG|general||0|TRUE
dg-flugzeugbau|DG Flugzeugbau|DG Flugzeugbau|general||0|TRUE
diezel|Diezel|Diezel|general||0|TRUE
dm-drogerie-markt|Dm-drogerie markt|Dm-drogerie markt|general||0|TRUE
doll-co|Doll & Co.|Doll & Co.|general||0|TRUE
dolmar|Dolmar|Dolmar|general||0|TRUE
dnnhoff|Dönnhoff|Dönnhoff|general||0|TRUE
dooleys|Dooley's|Dooley's|general||0|TRUE
douglas-company|Douglas (company)|Douglas (company)|general||0|TRUE
drager-company|Drager (company)|Drager (company)|general||0|TRUE
drger-company|Dräger (company)|Dräger (company)|general||0|TRUE
drxlmaier-group|Dräxlmaier Group|Dräxlmaier Group|general||0|TRUE
dresdner-bank|Dresdner Bank|Dresdner Bank|general||0|TRUE
dual-brand|Dual (brand)|Dual (brand)|general||0|TRUE
duran-glass|Duran (glass)|Duran (glass)|general||0|TRUE
duravit|Duravit|Duravit|general||0|TRUE
helsana|Helsana|Helsana|general||0|TRUE
hero-group|Hero Group|Hero Group|general||0|TRUE
carrosserie-hess|Carrosserie Hess|Carrosserie Hess|general||0|TRUE
holcim|Holcim|Holcim|general||0|TRUE
hrlimann-brewery|Hürlimann Brewery|Hürlimann Brewery|general||0|TRUE
immuniweb|ImmuniWeb|ImmuniWeb|general||0|TRUE
inca-machine-brand|INCA (machine brand)|INCA (machine brand)|general||0|TRUE
intersport|Intersport|Intersport|general||0|TRUE
iqair|IQAir|IQAir|general||0|TRUE
julius-baer-group|Julius Baer Group|Julius Baer Group|general||0|TRUE
jura-elektroapparate|Jura Elektroapparate|Jura Elektroapparate|general||0|TRUE
kgi-shne|Kägi Söhne|Kägi Söhne|general||0|TRUE
kambly|Kambly|Kambly|general||0|TRUE
kistler-group|Kistler Group|Kistler Group|general||0|TRUE
kudelski-group|Kudelski Group|Kudelski Group|general||0|TRUE
lepe-clocks|L'Epée Clocks|L'Epée Clocks|general||0|TRUE
lckerli-huus|Läckerli Huus|Läckerli Huus|general||0|TRUE
lderach|Läderach|Läderach|general||0|TRUE
laurastar|Laurastar|Laurastar|general||0|TRUE
lehni-ag|Lehni AG|Lehni AG|general||0|TRUE
liebherr|Liebherr|Liebherr|general||0|TRUE
lindt|Lindt|Lindt|general||0|TRUE
logitech|Logitech|Logitech|general||0|TRUE
luzi-ag|Luzi AG|Luzi AG|general||0|TRUE
maestrani|Maestrani|Maestrani|general||0|TRUE
maggi|Maggi|Maggi|general||0|TRUE
mammut-sports-group|Mammut Sports Group|Mammut Sports Group|general||0|TRUE
matisa|MATISA|MATISA|general||0|TRUE
max-felchlin|Max Felchlin|Max Felchlin|general||0|TRUE
mettler-toledo|Mettler Toledo|Mettler Toledo|general||0|TRUE
meyer-burger|Meyer Burger|Meyer Burger|general||0|TRUE
migros|Migros|Migros|general||0|TRUE
mikroton-recordings|Mikroton Recordings|Mikroton Recordings|general||0|TRUE
milka|Milka|Milka|general||0|TRUE
molkosan|Molkosan|Molkosan|general||0|TRUE
motorex|Motorex|Motorex|general||0|TRUE
mouawad|Mouawad|Mouawad|general||0|TRUE
mvenpick-ice-cream|Mövenpick Ice Cream|Mövenpick Ice Cream|general||0|TRUE
mvenpick-hotels-resorts|Mövenpick Hotels & Resorts|Mövenpick Hotels & Resorts|general||0|TRUE
mowag-ortsdienstwagen|Mowag Ortsdienstwagen|Mowag Ortsdienstwagen|general||0|TRUE
jittery-joes|Jittery Joe's|Jittery Joe's|food||0|TRUE
juan-valdez-caf|Juan Valdez Café|Juan Valdez Café|food||0|TRUE
just-us|Just Us!|Just Us!|food||0|TRUE
katwijk-suriname|Katwijk, Suriname|Katwijk, Suriname|food||0|TRUE
kenco|Kenco|Kenco|food||0|TRUE
keurig|Keurig|Keurig|food||0|TRUE
keurig-dr-pepper|Keurig Dr Pepper|Keurig Dr Pepper|food||0|TRUE
komeda-coffee|Komeda Coffee|Komeda Coffee|food||0|TRUE
kopiko-brand|Kopiko (brand)|Kopiko (brand)|food||0|TRUE
krispy-kreme-uk|Krispy Kreme UK|Krispy Kreme UK|food||0|TRUE
kumbakonam-degree-coffee|Kumbakonam Degree Coffee|Kumbakonam Degree Coffee|food||0|TRUE
la-colombe-coffee-roasters|La Colombe Coffee Roasters|La Colombe Coffee Roasters|food||0|TRUE
lavazza|Lavazza|Lavazza|food||0|TRUE
levista-coffee|Levista (coffee)|Levista (coffee)|food||0|TRUE
lfbergs|Löfbergs|Löfbergs|food||0|TRUE
loumidis|Loumidis|Loumidis|food||0|TRUE
machwitz-kaffee|Machwitz Kaffee|Machwitz Kaffee|food||0|TRUE
manhattan-special|Manhattan Special|Manhattan Special|food||0|TRUE
maraba-coffee|Maraba coffee|Maraba coffee|food||0|TRUE
massimo-zanetti-beverage-group|Massimo Zanetti Beverage Group|Massimo Zanetti Beverage Group|food||0|TRUE
joseph-fashion-brand|Joseph (fashion brand)|Joseph (fashion brand)|fashion||0|TRUE
karl-kani|Karl Kani|Karl Kani|fashion||0|TRUE
kidiliz|Kidiliz|Kidiliz|fashion||0|TRUE
takeo-kikuchi|Takeo Kikuchi|Takeo Kikuchi|fashion||0|TRUE
andr-kim|André Kim|André Kim|fashion||0|TRUE
elaine-kim-fashion-designer|Elaine Kim (fashion designer)|Elaine Kim (fashion designer)|fashion||0|TRUE
maison-kitsun|Maison Kitsuné|Maison Kitsuné|fashion||0|TRUE
kookai|Kookai|Kookai|fashion||0|TRUE
la-bonneterie-cevenole|La Bonneterie Cevenole|La Bonneterie Cevenole|fashion||0|TRUE
levi-strauss-co|Levi Strauss & Co.|Levi Strauss & Co.|fashion||0|TRUE
jlindeberg|J.Lindeberg|J.Lindeberg|fashion||0|TRUE
lonely-fashion-label|Lonely (fashion label)|Lonely (fashion label)|fashion||0|TRUE
louis-philippe-brand|Louis Philippe (brand)|Louis Philippe (brand)|fashion||0|TRUE
lover-clothing|Lover (clothing)|Lover (clothing)|fashion||0|TRUE
loyandford|Loyandford|Loyandford|fashion||0|TRUE
lyle-scott|Lyle & Scott|Lyle & Scott|fashion||0|TRUE
madhappy|Madhappy|Madhappy|fashion||0|TRUE
madonna-fashion-brands|Madonna fashion brands|Madonna fashion brands|fashion||0|TRUE
mango-retailer|Mango (retailer)|Mango (retailer)|fashion||0|TRUE
marimekko|Marimekko|Marimekko|fashion||0|TRUE
jn-international-medical-corporation|JN-International Medical Corporation|JN-International Medical Corporation|general||0|TRUE
s-c-johnson-son|S. C. Johnson & Son|S. C. Johnson & Son|general||0|TRUE
joyson-safety-systems|Joyson Safety Systems|Joyson Safety Systems|general||0|TRUE
jpmorgan-chase|JPMorgan Chase|JPMorgan Chase|general||0|TRUE
juniper-networks|Juniper Networks|Juniper Networks|general||0|TRUE
kap7|KAP7|KAP7|general||0|TRUE
kellanova|Kellanova|Kellanova|general||0|TRUE
kelloggs|Kellogg's|Kellogg's|general||0|TRUE
kimberly-clark|Kimberly-Clark|Kimberly-Clark|general||0|TRUE
kinetic-concepts|Kinetic Concepts|Kinetic Concepts|general||0|TRUE
koch-inc|Koch, Inc.|Koch, Inc.|general||0|TRUE
kodak|Kodak|Kodak|general||0|TRUE
kontoor-brands|Kontoor Brands|Kontoor Brands|general||0|TRUE
kraft-foods|Kraft Foods|Kraft Foods|general||0|TRUE
kraft-foods-inc|Kraft Foods Inc.|Kraft Foods Inc.|general||0|TRUE
kraft-heinz|Kraft Heinz|Kraft Heinz|general||0|TRUE
kraft-natural-cheese|Kraft Natural Cheese|Kraft Natural Cheese|general||0|TRUE
kronos-incorporated|Kronos Incorporated|Kronos Incorporated|general||0|TRUE
krrb|Krrb|Krrb|general||0|TRUE
l3harris|L3Harris|L3Harris|general||0|TRUE
philippe-dufour|Philippe Dufour|Philippe Dufour|fashion-luxury||0|TRUE
eckhaus-latta|Eckhaus Latta|Eckhaus Latta|fashion-luxury||0|TRUE
edelweiss-pianos|Edelweiss Pianos|Edelweiss Pianos|fashion-luxury||0|TRUE
eisenberg-paris|Eisenberg Paris|Eisenberg Paris|fashion-luxury||0|TRUE
eliseyevsky|Eliseyevsky|Eliseyevsky|fashion-luxury||0|TRUE
engineered-garments|Engineered Garments|Engineered Garments|fashion-luxury||0|TRUE
eton-shirts|Eton Shirts|Eton Shirts|fashion-luxury||0|TRUE
ettinger-british-company|Ettinger (British company)|Ettinger (British company)|fashion-luxury||0|TRUE
d-h-evans|D H Evans|D H Evans|fashion-luxury||0|TRUE
timothy-everest|Timothy Everest|Timothy Everest|fashion-luxury||0|TRUE
faur-le-page|Fauré Le Page|Fauré Le Page|fashion-luxury||0|TRUE
fedeli-company|Fedeli (company)|Fedeli (company)|fashion-luxury||0|TRUE
fenty-fashion-house|Fenty (fashion house)|Fenty (fashion house)|fashion-luxury||0|TRUE
fiol-prosecco|Fiol Prosecco|Fiol Prosecco|fashion-luxury||0|TRUE
flexform|Flexform|Flexform|fashion-luxury||0|TRUE
floris-of-london|Floris of London|Floris of London|fashion-luxury||0|TRUE
folli-follie|Folli Follie|Folli Follie|fashion-luxury||0|TRUE
forest-essentials|Forest Essentials|Forest Essentials|fashion-luxury||0|TRUE
forevermark|Forevermark|Forevermark|fashion-luxury||0|TRUE
fornasetti|Fornasetti|Fornasetti|fashion-luxury||0|TRUE
drkopp-adler|Dürkopp Adler|Dürkopp Adler|general||0|TRUE
dws-group|DWS Group|DWS Group|general||0|TRUE
dz-bank|DZ Bank|DZ Bank|general||0|TRUE
e-plus|E-Plus|E-Plus|general||0|TRUE
eon|E.ON|E.ON|general||0|TRUE
ed-meier|Ed Meier|Ed Meier|general||0|TRUE
edeka|Edeka|Edeka|general||0|TRUE
eibach-company|Eibach (company)|Eibach (company)|general||0|TRUE
einhell|Einhell|Einhell|general||0|TRUE
elac|Elac|Elac|general||0|TRUE
elmos-semiconductor|Elmos Semiconductor|Elmos Semiconductor|general||0|TRUE
emsa-company|Emsa (company)|Emsa (company)|general||0|TRUE
enbw|EnBW|EnBW|general||0|TRUE
enercity|Enercity|Enercity|general||0|TRUE
enercon|Enercon|Enercon|general||0|TRUE
ensinger-company|Ensinger (company)|Ensinger (company)|general||0|TRUE
envisiontec|EnvisionTEC|EnvisionTEC|general||0|TRUE
espenlaub-automobile|Espenlaub (automobile)|Espenlaub (automobile)|general||0|TRUE
eurowings|Eurowings|Eurowings|general||0|TRUE
exakta|Exakta|Exakta|general||0|TRUE
matari-coffee|Matari Coffee|Matari Coffee|food||0|TRUE
matthew-algie|Matthew Algie|Matthew Algie|food||0|TRUE
maxwell-house|Maxwell House|Maxwell House|food||0|TRUE
mega-mgc-coffee|Mega MGC Coffee|Mega MGC Coffee|food||0|TRUE
melitta|Melitta|Melitta|food||0|TRUE
mellower-coffee|Mellower Coffee|Mellower Coffee|food||0|TRUE
millstone-coffee|Millstone Coffee|Millstone Coffee|food||0|TRUE
mr-brown-coffee|Mr. Brown Coffee|Mr. Brown Coffee|food||0|TRUE
mjb-coffee|MJB (coffee)|MJB (coffee)|food||0|TRUE
moccona|Moccona|Moccona|food||0|TRUE
nabob-coffee|Nabob (coffee)|Nabob (coffee)|food||0|TRUE
nedelya-pastry-shop|Nedelya (pastry shop)|Nedelya (pastry shop)|food||0|TRUE
nescaf|Nescafé|Nescafé|food||0|TRUE
paul-bassett|Paul Bassett|Paul Bassett|food||0|TRUE
paulig|Paulig|Paulig|food||0|TRUE
pjs-coffee|PJ's Coffee|PJ's Coffee|food||0|TRUE
proud-mary-coffee|Proud Mary Coffee|Proud Mary Coffee|food||0|TRUE
pura-vida-coffee|Pura Vida Coffee|Pura Vida Coffee|food||0|TRUE
red-circle-coffee|Red Circle Coffee|Red Circle Coffee|food||0|TRUE
revelator-coffee|Revelator Coffee|Revelator Coffee|food||0|TRUE
avio|Avio|Avio|general||0|TRUE
aviointeriors|Aviointeriors|Aviointeriors|general||0|TRUE
azimut-yachts|Azimut Yachts|Azimut Yachts|general||0|TRUE
b-p-battioni-e-pagani-spa|B-P Battioni e Pagani S.p.A.|B-P Battioni e Pagani S.p.A.|general||0|TRUE
baglietto|Baglietto|Baglietto|general||0|TRUE
baldelli-ceramics|Baldelli ceramics|Baldelli ceramics|general||0|TRUE
baldini-castoldi|Baldini & Castoldi|Baldini & Castoldi|general||0|TRUE
balocco-company|Balocco (company)|Balocco (company)|general||0|TRUE
banca-akros|Banca Akros|Banca Akros|general||0|TRUE
banca-caripe|Banca Caripe|Banca Caripe|general||0|TRUE
banca-leonardo|Banca Leonardo|Banca Leonardo|general||0|TRUE
banca-popolare-di-crema|Banca Popolare di Crema|Banca Popolare di Crema|general||0|TRUE
banca-popolare-di-lodi|Banca Popolare di Lodi|Banca Popolare di Lodi|general||0|TRUE
banca-popolare-di-novara|Banca Popolare di Novara|Banca Popolare di Novara|general||0|TRUE
banca-popolare-di-verona|Banca Popolare di Verona|Banca Popolare di Verona|general||0|TRUE
banca-tercas|Banca Tercas|Banca Tercas|general||0|TRUE
banco-popolare-siciliano|Banco Popolare Siciliano|Banco Popolare Siciliano|general||0|TRUE
barbanera|Barbanera|Barbanera|general||0|TRUE
barilla-company|Barilla (company)|Barilla (company)|general||0|TRUE
bassetti|Bassetti|Bassetti|general||0|TRUE
garrard-co|Garrard & Co|Garrard & Co|fashion-luxury||0|TRUE
geo-f-trumper|Geo. F. Trumper|Geo. F. Trumper|fashion-luxury||0|TRUE
georg-jensen-as|Georg Jensen A/S|Georg Jensen A/S|fashion-luxury||0|TRUE
gerald-charles|Gerald Charles|Gerald Charles|fashion-luxury||0|TRUE
gerald-genta-watch-brand|Gerald Genta (watch brand)|Gerald Genta (watch brand)|fashion-luxury||0|TRUE
girard-perregaux|Girard-Perregaux|Girard-Perregaux|fashion-luxury||0|TRUE
glass-lps|Glass LPS|Glass LPS|fashion-luxury||0|TRUE
goldpfeil|Goldpfeil|Goldpfeil|fashion-luxury||0|TRUE
graff-jewellers|Graff (jewellers)|Graff (jewellers)|fashion-luxury||0|TRUE
grant-macdonald|Grant Macdonald|Grant Macdonald|fashion-luxury||0|TRUE
china-telecom|China Telecom|China Telecom|general||0|TRUE
china-telecommunications-corporation|China Telecommunications Corporation|China Telecommunications Corporation|general||0|TRUE
china-time-honored-brand|China Time-honored Brand|China Time-honored Brand|general||0|TRUE
china-top-brand|China Top Brand|China Top Brand|general||0|TRUE
china-unicom|China Unicom|China Unicom|general||0|TRUE
china-united-airlines|China United Airlines|China United Airlines|general||0|TRUE
china-zheshang-bank|China Zheshang Bank|China Zheshang Bank|general||0|TRUE
chinacache|ChinaCache|ChinaCache|general||0|TRUE
chipolbrok|Chipolbrok|Chipolbrok|general||0|TRUE
choi-heong-yuen-bakery|Choi Heong Yuen Bakery|Choi Heong Yuen Bakery|general||0|TRUE
chongqing-airlines|Chongqing Airlines|Chongqing Airlines|general||0|TRUE
chtc-marque|CHTC (marque)|CHTC (marque)|general||0|TRUE
chufeng|Chufeng|Chufeng|general||0|TRUE
chunlan-group|Chunlan Group|Chunlan Group|general||0|TRUE
chuwi-company|Chuwi (company)|Chuwi (company)|general||0|TRUE
citic-group|CITIC Group|CITIC Group|general||0|TRUE
ciwei|Ciwei|Ciwei|general||0|TRUE
cloudwalk-technology|CloudWalk Technology|CloudWalk Technology|general||0|TRUE
club-factory|Club Factory|Club Factory|general||0|TRUE
cofco-group|COFCO Group|COFCO Group|general||0|TRUE
card-factory|Card Factory|Card Factory|general||0|TRUE
carrs|Carr's|Carr's|general||0|TRUE
castrol|Castrol|Castrol|general||0|TRUE
cat-in-a-flat|Cat in a Flat|Cat in a Flat|general||0|TRUE
cavendish-pianos|Cavendish Pianos|Cavendish Pianos|general||0|TRUE
celestion|Celestion|Celestion|general||0|TRUE
ceravision|Ceravision|Ceravision|general||0|TRUE
charbonnel-et-walker|Charbonnel et Walker|Charbonnel et Walker|general||0|TRUE
chase-brothers-motorcycle|Chase Brothers Motorcycle|Chase Brothers Motorcycle|general||0|TRUE
chase-distillery|Chase Distillery|Chase Distillery|general||0|TRUE
chase-vodka|Chase Vodka|Chase Vodka|general||0|TRUE
the-chelsea-cobbler|The Chelsea Cobbler|The Chelsea Cobbler|general||0|TRUE
chicken-tonight|Chicken Tonight|Chicken Tonight|general||0|TRUE
christopher-ward-watchmaker|Christopher Ward (watchmaker)|Christopher Ward (watchmaker)|general||0|TRUE
clarksons-travel-group|Clarksons Travel Group|Clarksons Travel Group|general||0|TRUE
cms-computers|CMS Computers|CMS Computers|general||0|TRUE
coast-clothing|Coast (clothing)|Coast (clothing)|general||0|TRUE
cobham-limited|Cobham Limited|Cobham Limited|general||0|TRUE
colmans|Colman's|Colman's|general||0|TRUE
colorcoat|Colorcoat|Colorcoat|general||0|TRUE
shepherds-beer|Shepherds Beer|Shepherds Beer|beverage||0|TRUE
singha|Singha|Singha|beverage||0|TRUE
skopsko-beer|Skopsko beer|Skopsko beer|beverage||0|TRUE
speights|Speight's|Speight's|beverage||0|TRUE
star-lager|STAR Lager|STAR Lager|beverage||0|TRUE
steinlager|Steinlager|Steinlager|beverage||0|TRUE
strela-beer|Strela (beer)|Strela (beer)|beverage||0|TRUE
super-bock|Super Bock|Super Bock|beverage||0|TRUE
taedonggang|Taedonggang|Taedonggang|beverage||0|TRUE
taybeh-brewery|Taybeh Brewery|Taybeh Brewery|beverage||0|TRUE
theakston-brewery|Theakston Brewery|Theakston Brewery|beverage||0|TRUE
three-coins-beer|Three Coins Beer|Three Coins Beer|beverage||0|TRUE
three-horses-beer|Three Horses Beer|Three Horses Beer|beverage||0|TRUE
to-l|To Øl|To Øl|beverage||0|TRUE
tuborg-red|Tuborg Red|Tuborg Red|beverage||0|TRUE
tusker-african-beer|Tusker (African beer)|Tusker (African beer)|beverage||0|TRUE
united-breweries-group|United Breweries Group|United Breweries Group|beverage||0|TRUE
vailima-beer|Vailima (beer)|Vailima (beer)|beverage||0|TRUE
waikato-draught|Waikato Draught|Waikato Draught|beverage||0|TRUE
wells-youngs-brewery|Wells & Young's Brewery|Wells & Young's Brewery|beverage||0|TRUE
muller-martini|Muller Martini|Muller Martini|general||0|TRUE
nagra|Nagra|Nagra|general||0|TRUE
nanosurf|Nanosurf|Nanosurf|general||0|TRUE
nanoworld|NanoWorld|NanoWorld|general||0|TRUE
nesquik|Nesquik|Nesquik|general||0|TRUE
nobel-biocare|Nobel Biocare|Nobel Biocare|general||0|TRUE
northsouth-books|NorthSouth Books|NorthSouth Books|general||0|TRUE
numbrs-personal-finance|Numbrs Personal Finance|Numbrs Personal Finance|general||0|TRUE
oc-oerlikon|OC Oerlikon|OC Oerlikon|general||0|TRUE
on-company|On (company)|On (company)|general||0|TRUE
orell-fssli|Orell Füssli|Orell Füssli|general||0|TRUE
pantene|Pantene|Pantene|general||0|TRUE
pb-swiss-tools|PB Swiss Tools|PB Swiss Tools|general||0|TRUE
peters-chocolate|Peter's Chocolate|Peter's Chocolate|general||0|TRUE
phoenix-mecano|Phoenix Mecano|Phoenix Mecano|general||0|TRUE
pich-automotive|Piëch Automotive|Piëch Automotive|general||0|TRUE
pilatus-aircraft|Pilatus Aircraft|Pilatus Aircraft|general||0|TRUE
proton-mail|Proton Mail|Proton Mail|general||0|TRUE
renata-battery|Renata (battery)|Renata (battery)|general||0|TRUE
revox|Revox|Revox|general||0|TRUE
f-dick|F. Dick|F. Dick|general||0|TRUE
fa-brand|Fa (brand)|Fa (brand)|general||0|TRUE
faber-castell|Faber-Castell|Faber-Castell|general||0|TRUE
staatl-fachingen|Staatl. Fachingen|Staatl. Fachingen|general||0|TRUE
falke-group|FALKE Group|FALKE Group|general||0|TRUE
faller|Faller|Faller|general||0|TRUE
fein-company|Fein (company)|Fein (company)|general||0|TRUE
festo|Festo|Festo|general||0|TRUE
festool|Festool|Festool|general||0|TRUE
feurich|Feurich|Feurich|general||0|TRUE
fielmann-ag|Fielmann AG|Fielmann AG|general||0|TRUE
fischertechnik|Fischertechnik|Fischertechnik|general||0|TRUE
fischerwerke|Fischerwerke|Fischerwerke|general||0|TRUE
fissler|Fissler|Fissler|general||0|TRUE
fleischmann-model-railroads|Fleischmann (model railroads)|Fleischmann (model railroads)|general||0|TRUE
flex-elektrowerkzeuge|Flex-Elektrowerkzeuge|Flex-Elektrowerkzeuge|general||0|TRUE
flixbus|FlixBus|FlixBus|general||0|TRUE
focus-bikes|Focus Bikes|Focus Bikes|general||0|TRUE
august-frster|August Förster|August Förster|general||0|TRUE
foturan|Foturan|Foturan|general||0|TRUE
dvs-shoes|DVS Shoes|DVS Shoes|fashion||0|TRUE
eblens|EbLens|EbLens|fashion||0|TRUE
ecco|ECCO|ECCO|fashion||0|TRUE
edward-green-co|Edward Green & Co.|Edward Green & Co.|fashion||0|TRUE
emu-australia|EMU Australia|EMU Australia|fashion||0|TRUE
etnies|Etnies|Etnies|fashion||0|TRUE
falc|Falc|Falc|fashion||0|TRUE
fallen-footwear|Fallen Footwear|Fallen Footwear|fashion||0|TRUE
famolare|Famolare|Famolare|fashion||0|TRUE
fbt-company|FBT (company)|FBT (company)|fashion||0|TRUE
feit|FEIT|FEIT|fashion||0|TRUE
feiyue|Feiyue|Feiyue|fashion||0|TRUE
fila|Fila|Fila|fashion||0|TRUE
john-fluevog|John Fluevog|John Fluevog|fashion||0|TRUE
foot-locker|Foot Locker|Foot Locker|fashion||0|TRUE
foreva|Foreva|Foreva|fashion||0|TRUE
geox|Geox|Geox|fashion||0|TRUE
givova|Givova|Givova|fashion||0|TRUE
globe-international|Globe International|Globe International|fashion||0|TRUE
golden-goose-company|Golden Goose (company)|Golden Goose (company)|fashion||0|TRUE
daiei|Daiei|Daiei|general||0|TRUE
daifuku-company|Daifuku (company)|Daifuku (company)|general||0|TRUE
daihatsu|Daihatsu|Daihatsu|general||0|TRUE
daiichi-kosho-company|Daiichi Kosho Company|Daiichi Kosho Company|general||0|TRUE
daiichi-sankyo|Daiichi Sankyo|Daiichi Sankyo|general||0|TRUE
daikin|Daikin|Daikin|general||0|TRUE
daimaru|Daimaru|Daimaru|general||0|TRUE
daiso|Daiso|Daiso|general||0|TRUE
datsun|Datsun|Datsun|general||0|TRUE
dena|DeNA|DeNA|general||0|TRUE
denka|Denka|Denka|general||0|TRUE
denon|Denon|Denon|general||0|TRUE
denso|Denso|Denso|general||0|TRUE
dhc-corporation|DHC Corporation|DHC Corporation|general||0|TRUE
digi-group|DIGI Group|DIGI Group|general||0|TRUE
digital-do-main|Digital do MaiN|Digital do MaiN|general||0|TRUE
directlogic|DirectLOGIC|DirectLOGIC|general||0|TRUE
disco-corporation|Disco Corporation|Disco Corporation|general||0|TRUE
dmg-mori-seiki-co|DMG Mori Seiki Co.|DMG Mori Seiki Co.|general||0|TRUE
dogo-beer|Dogo Beer|Dogo Beer|general||0|TRUE
don-quijote-store|Don Quijote (store)|Don Quijote (store)|general||0|TRUE
dragon-quest|Dragon Quest|Dragon Quest|general||0|TRUE
dragontrail|Dragontrail|Dragontrail|general||0|TRUE
drecom|Drecom|Drecom|general||0|TRUE
dynabook-inc|Dynabook Inc.|Dynabook Inc.|general||0|TRUE
dynic-corporation|Dynic Corporation|Dynic Corporation|general||0|TRUE
ebara-corporation|Ebara Corporation|Ebara Corporation|general||0|TRUE
echo-tools|Echo tools|Echo tools|general||0|TRUE
edion-corporation|EDION Corporation|EDION Corporation|general||0|TRUE
edy|Edy|Edy|general||0|TRUE
eiken-chemical|Eiken Chemical|Eiken Chemical|general||0|TRUE
eiki|Eiki|Eiki|general||0|TRUE
eisai-company|Eisai (company)|Eisai (company)|general||0|TRUE
eisaku-noro-company|Eisaku Noro Company|Eisaku Noro Company|general||0|TRUE
eizo|Eizo|Eizo|general||0|TRUE
elecom|Elecom|Elecom|general||0|TRUE
elmo-company|Elmo (company)|Elmo (company)|general||0|TRUE
elna-japanese-company|Elna (Japanese company)|Elna (Japanese company)|general||0|TRUE
eneloop|Eneloop|Eneloop|general||0|TRUE
eneos|Eneos|Eneos|general||0|TRUE
basso-bikes|Basso Bikes|Basso Bikes|general||0|TRUE
bburago|Bburago|Bburago|general||0|TRUE
be-charge|Be Charge|Be Charge|general||0|TRUE
benelli-motorcycles|Benelli (motorcycles)|Benelli (motorcycles)|general||0|TRUE
benelli-armi|Benelli Armi|Benelli Armi|general||0|TRUE
benetti|Benetti|Benetti|general||0|TRUE
bennet-supermarket|Bennet (supermarket)|Bennet (supermarket)|general||0|TRUE
berco-company|Berco (company)|Berco (company)|general||0|TRUE
beretta|Beretta|Beretta|general||0|TRUE
bertagni|Bertagni|Bertagni|general||0|TRUE
bombrini-parodi-delfino|Bombrini-Parodi-Delfino|Bombrini-Parodi-Delfino|general||0|TRUE
bontempi|Bontempi|Bontempi|general||0|TRUE
luigi-borgato|Luigi Borgato|Luigi Borgato|general||0|TRUE
borile|Borile|Borile|general||0|TRUE
bormioli-rocco|Bormioli Rocco|Bormioli Rocco|general||0|TRUE
borrani|Borrani|Borrani|general||0|TRUE
bortolo-nardini|Bortolo Nardini|Bortolo Nardini|general||0|TRUE
bottecchia|Bottecchia|Bottecchia|general||0|TRUE
bracco-company|Bracco (company)|Bracco (company)|general||0|TRUE
bravo-company|Bravo (company)|Bravo (company)|general||0|TRUE
ricola|Ricola|Ricola|general||0|TRUE
rieker-shoes|Rieker Shoes|Rieker Shoes|general||0|TRUE
rieter|Rieter|Rieter|general||0|TRUE
rinspeed|Rinspeed|Rinspeed|general||0|TRUE
rivella|Rivella|Rivella|general||0|TRUE
ronal|Ronal|Ronal|general||0|TRUE
ruag|RUAG|RUAG|general||0|TRUE
saitek|Saitek|Saitek|general||0|TRUE
sandoz|Sandoz|Sandoz|general||0|TRUE
sang-bleu|Sang Bleu|Sang Bleu|general||0|TRUE
sauber-motorsport|Sauber Motorsport|Sauber Motorsport|general||0|TRUE
saurer|Saurer|Saurer|general||0|TRUE
sbarro-automobile|Sbarro (automobile)|Sbarro (automobile)|general||0|TRUE
scandit|Scandit|Scandit|general||0|TRUE
schindler-group|Schindler Group|Schindler Group|general||0|TRUE
scott-sports|Scott Sports|Scott Sports|general||0|TRUE
selecta-company|Selecta (company)|Selecta (company)|general||0|TRUE
sig-group|SIG Group|SIG Group|general||0|TRUE
sika-ag|Sika AG|Sika AG|general||0|TRUE
silent-circle-software|Silent Circle (software)|Silent Circle (software)|general||0|TRUE
freenet-ag|Freenet AG|Freenet AG|general||0|TRUE
freenow|Freenow|Freenow|general||0|TRUE
freibahn|Freibahn|Freibahn|general||0|TRUE
fresenius-company|Fresenius (company)|Fresenius (company)|general||0|TRUE
friesland-porzellan|Friesland Porzellan|Friesland Porzellan|general||0|TRUE
frister-rossmann|Frister & Rossmann|Frister & Rossmann|general||0|TRUE
fritz-kola|Fritz-kola|Fritz-kola|general||0|TRUE
fritz|Fritz!|Fritz!|general||0|TRUE
frosta-ag|Frosta AG|Frosta AG|general||0|TRUE
fuchs-se|Fuchs SE|Fuchs SE|general||0|TRUE
g-data-cyberdefense|G Data CyberDefense|G Data CyberDefense|general||0|TRUE
gaggenau-hausgerte|Gaggenau Hausgeräte|Gaggenau Hausgeräte|general||0|TRUE
gardena-company|Gardena (company)|Gardena (company)|general||0|TRUE
gedore|Gedore|Gedore|general||0|TRUE
georg-neumann|Georg Neumann|Georg Neumann|general||0|TRUE
germanwings|Germanwings|Germanwings|general||0|TRUE
gerolsteiner-brunnen|Gerolsteiner Brunnen|Gerolsteiner Brunnen|general||0|TRUE
gigaset|Gigaset|Gigaset|general||0|TRUE
gigaset-communications|Gigaset Communications|Gigaset Communications|general||0|TRUE
glasfabrik-lamberts|Glasfabrik Lamberts|Glasfabrik Lamberts|general||0|TRUE
societ-italiana-ernesto-breda|Società Italiana Ernesto Breda|Società Italiana Ernesto Breda|general||0|TRUE
bredamenarinibus|BredaMenarinibus|BredaMenarinibus|general||0|TRUE
bremach|Bremach|Bremach|general||0|TRUE
brembo|Brembo|Brembo|general||0|TRUE
breton-company|Breton (company)|Breton (company)|general||0|TRUE
the-bridge-brand|The Bridge (brand)|The Bridge (brand)|general||0|TRUE
brionvega|Brionvega|Brionvega|general||0|TRUE
brondi-company|Brondi (company)|Brondi (company)|general||0|TRUE
brunello-cucinelli-brand|Brunello Cucinelli (brand)|Brunello Cucinelli (brand)|general||0|TRUE
bticino|Bticino|Bticino|general||0|TRUE
buitoni|Buitoni|Buitoni|general||0|TRUE
cagiva|Cagiva|Cagiva|general||0|TRUE
calegaro|Calegaro|Calegaro|general||0|TRUE
camp-company|CAMP (company)|CAMP (company)|general||0|TRUE
campagnolo|Campagnolo|Campagnolo|general||0|TRUE
campari|Campari|Campari|general||0|TRUE
cantiere-navale-visentini|Cantiere Navale Visentini|Cantiere Navale Visentini|general||0|TRUE
cappelletti-distillery|Cappelletti (distillery)|Cappelletti (distillery)|general||0|TRUE
caproni|Caproni|Caproni|general||0|TRUE
carapelli|Carapelli|Carapelli|general||0|TRUE
gom-player|GOM Player|GOM Player|general||0|TRUE
green-cross-south-korean-company|Green Cross (South Korean company)|Green Cross (South Korean company)|general||0|TRUE
gs-group|GS Group|GS Group|general||0|TRUE
gs25|GS25|GS25|general||0|TRUE
haitai|Haitai|Haitai|general||0|TRUE
hana-financial-group|Hana Financial Group|Hana Financial Group|general||0|TRUE
hana-micron|Hana Micron|Hana Micron|general||0|TRUE
hancom|Hancom|Hancom|general||0|TRUE
hanil-cement|Hanil Cement|Hanil Cement|general||0|TRUE
hanjin|Hanjin|Hanjin|general||0|TRUE
hankook|Hankook|Hankook|general||0|TRUE
hanmi-pharm|Hanmi Pharm|Hanmi Pharm|general||0|TRUE
hanwha-group|Hanwha Group|Hanwha Group|general||0|TRUE
hanwha-ocean|Hanwha Ocean|Hanwha Ocean|general||0|TRUE
hanwha-vision|Hanwha Vision|Hanwha Vision|general||0|TRUE
hct-co-ltd|HCT Co., Ltd.|HCT Co., Ltd.|general||0|TRUE
hd-hyundai-heavy-industries|HD Hyundai Heavy Industries|HD Hyundai Heavy Industries|general||0|TRUE
hd-hyundai-robotics|HD Hyundai Robotics|HD Hyundai Robotics|general||0|TRUE
hite-brewery|Hite Brewery|Hite Brewery|general||0|TRUE
hitejinro|HiteJinro|HiteJinro|general||0|TRUE
revolver-co-operative|Revolver Co-operative|Revolver Co-operative|food||0|TRUE
ricor|Ricoré|Ricoré|food||0|TRUE
rodds|Rodd's|Rodd's|food||0|TRUE
sacarellos|Sacarello's|Sacarello's|food||0|TRUE
sandellas-flatbread-caf|Sandella's Flatbread Café|Sandella's Flatbread Café|food||0|TRUE
sanka|Sanka|Sanka|food||0|TRUE
seattles-best-coffee|Seattle's Best Coffee|Seattle's Best Coffee|food||0|TRUE
second-cup|Second Cup|Second Cup|food||0|TRUE
senseo|Senseo|Senseo|food||0|TRUE
spr-coffee|SPR Coffee|SPR Coffee|food||0|TRUE
strauss-group|Strauss Group|Strauss Group|food||0|TRUE
stumptown-coffee-roasters|Stumptown Coffee Roasters|Stumptown Coffee Roasters|food||0|TRUE
tassimo|Tassimo|Tassimo|food||0|TRUE
tata-starbucks|Tata Starbucks|Tata Starbucks|food||0|TRUE
tchibo|Tchibo|Tchibo|food||0|TRUE
tim-hortons|Tim Hortons|Tim Hortons|food||0|TRUE
timothys-world-coffee|Timothy's World Coffee|Timothy's World Coffee|food||0|TRUE
tom-n-toms|Tom N Toms|Tom N Toms|food||0|TRUE
tomoca-coffee|Tomoca Coffee|Tomoca Coffee|food||0|TRUE
torrefazione-italia|Torrefazione Italia|Torrefazione Italia|food||0|TRUE
coloroll|Coloroll|Coloroll|general||0|TRUE
comfort-fabric-softener|Comfort (fabric softener)|Comfort (fabric softener)|general||0|TRUE
jasper-conran|Jasper Conran|Jasper Conran|general||0|TRUE
cooke-optics|Cooke Optics|Cooke Optics|general||0|TRUE
cotswolds-distillery|Cotswolds Distillery|Cotswolds Distillery|general||0|TRUE
country-store|Country Store|Country Store|general||0|TRUE
the-coventry-motor-company|The Coventry Motor Company|The Coventry Motor Company|general||0|TRUE
craghoppers|Craghoppers|Craghoppers|general||0|TRUE
critchley-light-car|Critchley Light car|Critchley Light car|general||0|TRUE
cutler-and-gross|Cutler and Gross|Cutler and Gross|general||0|TRUE
greubel-forsey|Greubel Forsey|Greubel Forsey|fashion-luxury||0|TRUE
heming-company|Heming (company)|Heming (company)|fashion-luxury||0|TRUE
hidesign|Hidesign|Hidesign|fashion-luxury||0|TRUE
hilditch-key|Hilditch & Key|Hilditch & Key|fashion-luxury||0|TRUE
homer-brand|Homer (brand)|Homer (brand)|fashion-luxury||0|TRUE
hood-by-air|Hood By Air|Hood By Air|fashion-luxury||0|TRUE
hoshino-resorts|Hoshino Resorts|Hoshino Resorts|fashion-luxury||0|TRUE
the-hour-glass-company|The Hour Glass (company)|The Hour Glass (company)|fashion-luxury||0|TRUE
hradyesh|Hradyesh|Hradyesh|fashion-luxury||0|TRUE
ikepod|Ikepod|Ikepod|fashion-luxury||0|TRUE
isotta-fraschini|Isotta Fraschini|Isotta Fraschini|fashion-luxury||0|TRUE
carpigiani|Carpigiani|Carpigiani|general||0|TRUE
carpisa|Carpisa|Carpisa|general||0|TRUE
carraro-agritalia|Carraro Agritalia|Carraro Agritalia|general||0|TRUE
carrozzeria-barbi|Carrozzeria Barbi|Carrozzeria Barbi|general||0|TRUE
carrozzeria-colli|Carrozzeria Colli|Carrozzeria Colli|general||0|TRUE
carrozzeria-fissore|Carrozzeria Fissore|Carrozzeria Fissore|general||0|TRUE
carrozzeria-ghia|Carrozzeria Ghia|Carrozzeria Ghia|general||0|TRUE
cassina-company|Cassina (company)|Cassina (company)|general||0|TRUE
castagnari|Castagnari|Castagnari|general||0|TRUE
ceat-limited|CEAT Limited|CEAT Limited|general||0|TRUE
clear-shampoo|Clear (shampoo)|Clear (shampoo)|general||0|TRUE
clment-tyres|Clément Tyres|Clément Tyres|general||0|TRUE
climaveneta|Climaveneta|Climaveneta|general||0|TRUE
costruzioni-motori-diesel|Costruzioni Motori Diesel|Costruzioni Motori Diesel|general||0|TRUE
codecasa|Codecasa|Codecasa|general||0|TRUE
coin-department-store|Coin (department store)|Coin (department store)|general||0|TRUE
colotti-trasmissioni|Colotti Trasmissioni|Colotti Trasmissioni|general||0|TRUE
columbus-company|Columbus (company)|Columbus (company)|general||0|TRUE
comau|Comau|Comau|general||0|TRUE
comus-company|Comus (company)|Comus (company)|general||0|TRUE
conad|Conad|Conad|general||0|TRUE
coppola-foods|Coppola Foods|Coppola Foods|general||0|TRUE
cosmed|COSMED|COSMED|general||0|TRUE
cosmi-americo-figlio|Cosmi Americo & Figlio|Cosmi Americo & Figlio|general||0|TRUE
cressi-sub|Cressi-Sub|Cressi-Sub|general||0|TRUE
crumar|Crumar|Crumar|general||0|TRUE
cugini-randi|Cugini Randi|Cugini Randi|general||0|TRUE
curiel-brand|Curiel (brand)|Curiel (brand)|general||0|TRUE
custom-line|Custom Line|Custom Line|general||0|TRUE
cvs-ferrari|CVS Ferrari|CVS Ferrari|general||0|TRUE
cynar|Cynar|Cynar|general||0|TRUE
d1-milano|D1 Milano|D1 Milano|general||0|TRUE
dainese|Dainese|Dainese|general||0|TRUE
dal-negro|Dal Negro|Dal Negro|general||0|TRUE
dallara|Dallara|Dallara|general||0|TRUE
damiani-group|Damiani Group|Damiani Group|general||0|TRUE
danieli|Danieli|Danieli|general||0|TRUE
de-cecco|De Cecco|De Cecco|general||0|TRUE
de-rosa-bicycle-company|De Rosa (bicycle company)|De Rosa (bicycle company)|general||0|TRUE
de-simon|De Simon|De Simon|general||0|TRUE
irregular-choice|Irregular Choice|Irregular Choice|fashion||0|TRUE
jello-shoecompany|Jello Shoecompany|Jello Shoecompany|fashion||0|TRUE
jogarbola|Jogarbola|Jogarbola|fashion||0|TRUE
johnston-murphy|Johnston & Murphy|Johnston & Murphy|fashion||0|TRUE
joma|Joma|Joma|fashion||0|TRUE
journeys-company|Journeys (company)|Journeys (company)|fashion||0|TRUE
k-swiss|K-Swiss|K-Swiss|fashion||0|TRUE
kangaroos|KangaRoos|KangaRoos|fashion||0|TRUE
kappa-brand|Kappa (brand)|Kappa (brand)|fashion||0|TRUE
keds|Keds|Keds|fashion||0|TRUE
kickers-brand|Kickers (brand)|Kickers (brand)|fashion||0|TRUE
kinney-shoes|Kinney Shoes|Kinney Shoes|fashion||0|TRUE
koyo-bear|Koyo Bear|Koyo Bear|fashion||0|TRUE
kubba-sportswear|Kubba Sportswear|Kubba Sportswear|fashion||0|TRUE
kustom-footwear|Kustom (footwear)|Kustom (footwear)|fashion||0|TRUE
la-new|La New|La New|fashion||0|TRUE
la-sportiva|La Sportiva|La Sportiva|fashion||0|TRUE
leder-und-schuh|Leder und Schuh|Leder und Schuh|fashion||0|TRUE
legea|Legea|Legea|fashion||0|TRUE
li-ning|Li-Ning|Li-Ning|fashion||0|TRUE
cogobuy|Cogobuy|Cogobuy|general||0|TRUE
comac|Comac|Comac|general||0|TRUE
coocaa|Coocaa|Coocaa|general||0|TRUE
coolpad|Coolpad|Coolpad|general||0|TRUE
coros-wearables-inc|COROS Wearables Inc|COROS Wearables Inc|general||0|TRUE
cosco|COSCO|COSCO|general||0|TRUE
cosco-shipping|COSCO Shipping|COSCO Shipping|general||0|TRUE
cosco-shipping-development|COSCO Shipping Development|COSCO Shipping Development|general||0|TRUE
cotti-coffee|Cotti Coffee|Cotti Coffee|general||0|TRUE
creality|Creality|Creality|general||0|TRUE
crrc|CRRC|CRRC|general||0|TRUE
crrc-shandong|CRRC Shandong|CRRC Shandong|general||0|TRUE
csg-holding|CSG Holding|CSG Holding|general||0|TRUE
cspc-pharmaceutical-group|CSPC Pharmaceutical Group|CSPC Pharmaceutical Group|general||0|TRUE
csr-corporation-limited|CSR Corporation Limited|CSR Corporation Limited|general||0|TRUE
cubot|Cubot|Cubot|general||0|TRUE
dahua-technology|Dahua Technology|Dahua Technology|general||0|TRUE
dalian-hanwei-metal|Dalian Hanwei Metal|Dalian Hanwei Metal|general||0|TRUE
crrc-dalian|CRRC Dalian|CRRC Dalian|general||0|TRUE
damai-entertainment-holdings|Damai Entertainment Holdings|Damai Entertainment Holdings|general||0|TRUE
glashtte-original|Glashütte Original|Glashütte Original|general||0|TRUE
globus-holding|Globus Holding|Globus Holding|general||0|TRUE
goldwasser|Goldwasser|Goldwasser|general||0|TRUE
gtz-company|Götz (company)|Götz (company)|general||0|TRUE
graf-von-faber-castell|Graf von Faber-Castell|Graf von Faber-Castell|general||0|TRUE
green-airlines|Green Airlines|Green Airlines|general||0|TRUE
grohe|Grohe|Grohe|general||0|TRUE
grotrian-steinweg|Grotrian-Steinweg|Grotrian-Steinweg|general||0|TRUE
hr-company|H&R (company)|H&R (company)|general||0|TRUE
hachez|Hachez|Hachez|general||0|TRUE
hager-group|Hager Group|Hager Group|general||0|TRUE
halfmann-teleskoptechnik|Halfmann Teleskoptechnik|Halfmann Teleskoptechnik|general||0|TRUE
hama-company|Hama (company)|Hama (company)|general||0|TRUE
hameg|Hameg|Hameg|general||0|TRUE
hamm-ag|Hamm AG|Hamm AG|general||0|TRUE
hannover-re|Hannover Re|Hannover Re|general||0|TRUE
hanse-yacht-brand|Hanse (yacht brand)|Hanse (yacht brand)|general||0|TRUE
hanseyachts|HanseYachts|HanseYachts|general||0|TRUE
hansgrohe|Hansgrohe|Hansgrohe|general||0|TRUE
hapag-lloyd|Hapag-Lloyd|Hapag-Lloyd|general||0|TRUE
fairtex|Fairtex|Fairtex|sportswear||0|TRUE
fairtex-gym|Fairtex Gym|Fairtex Gym|sportswear||0|TRUE
ferrino-company|Ferrino (company)|Ferrino (company)|sportswear||0|TRUE
fi-ta|Fi-Ta|Fi-Ta|sportswear||0|TRUE
finta|Finta|Finta|sportswear||0|TRUE
first-ever|First Ever|First Ever|sportswear||0|TRUE
footasylum|Footasylum|Footasylum|sportswear||0|TRUE
forward-sports|Forward Sports|Forward Sports|sportswear||0|TRUE
fox-racing|Fox Racing|Fox Racing|sportswear||0|TRUE
fss-brand|FSS (brand)|FSS (brand)|sportswear||0|TRUE
fubu|FUBU|FUBU|sportswear||0|TRUE
fumarel|Fumarel|Fumarel|sportswear||0|TRUE
galvin-green|Galvin Green|Galvin Green|sportswear||0|TRUE
the-game-headwear|The Game Headwear|The Game Headwear|sportswear||0|TRUE
garcis|Garcis|Garcis|sportswear||0|TRUE
gaynor-minden|Gaynor Minden|Gaynor Minden|sportswear||0|TRUE
gilbert-rugby|Gilbert Rugby|Gilbert Rugby|sportswear||0|TRUE
globeride|Globeride|Globeride|sportswear||0|TRUE
gofere-sportswear|Gofere Sportswear|Gofere Sportswear|sportswear||0|TRUE
gola-brand|Gola (brand)|Gola (brand)|sportswear||0|TRUE
travelers-coffee|Traveler's Coffee|Traveler's Coffee|food||0|TRUE
trung-nguyn|Trung Nguyên|Trung Nguyên|food||0|TRUE
tullys-coffee|Tully's Coffee|Tully's Coffee|food||0|TRUE
a-twosome-place|A Twosome Place|A Twosome Place|food||0|TRUE
ucc-ueshima-coffee-co|UCC Ueshima Coffee Co.|UCC Ueshima Coffee Co.|food||0|TRUE
juan-valdez|Juan Valdez|Juan Valdez|food||0|TRUE
van-houtte|Van Houtte|Van Houtte|food||0|TRUE
vinacafe|Vinacafe|Vinacafe|food||0|TRUE
vittoria-coffee|Vittoria Coffee|Vittoria Coffee|food||0|TRUE
yit-foh-tenom-coffee|Yit Foh Tenom Coffee|Yit Foh Tenom Coffee|food||0|TRUE
sinar|Sinar|Sinar|general||0|TRUE
skyguide|Skyguide|Skyguide|general||0|TRUE
sonova|Sonova|Sonova|general||0|TRUE
sputnik-engineering|Sputnik Engineering|Sputnik Engineering|general||0|TRUE
stadler-rail|Stadler Rail|Stadler Rail|general||0|TRUE
stubli|Stäubli|Stäubli|general||0|TRUE
stellar-jet|Stellar Jet|Stellar Jet|general||0|TRUE
stellavox|Stellavox|Stellavox|general||0|TRUE
stoll-giroflex|Stoll Giroflex|Stoll Giroflex|general||0|TRUE
straumann|Straumann|Straumann|general||0|TRUE
haribo|Haribo|Haribo|general||0|TRUE
hatz|Hatz|Hatz|general||0|TRUE
heckler-koch|Heckler & Koch|Heckler & Koch|general||0|TRUE
heidelberg-materials|Heidelberg Materials|Heidelberg Materials|general||0|TRUE
heidelberger-druckmaschinen|Heidelberger Druckmaschinen|Heidelberger Druckmaschinen|general||0|TRUE
heidenhain|Heidenhain|Heidenhain|general||0|TRUE
helko|Helko|Helko|general||0|TRUE
hella-company|Hella (company)|Hella (company)|general||0|TRUE
heller-group|Heller Group|Heller Group|general||0|TRUE
henkel|Henkel|Henkel|general||0|TRUE
henschel-son|Henschel & Son|Henschel & Son|general||0|TRUE
heraeus|Heraeus|Heraeus|general||0|TRUE
herbol|Herbol|Herbol|general||0|TRUE
herlitz|Herlitz|Herlitz|general||0|TRUE
herrenknecht|Herrenknecht|Herrenknecht|general||0|TRUE
hettich-company|Hettich (company)|Hettich (company)|general||0|TRUE
heyco|Heyco|Heyco|general||0|TRUE
highscreen|Highscreen|Highscreen|general||0|TRUE
hirth|Hirth|Hirth|general||0|TRUE
hitschler-company|Hitschler (company)|Hitschler (company)|general||0|TRUE
cmoi|Cémoi|Cémoi|general||0|TRUE
champagne-binet|Champagne Binet|Champagne Binet|general||0|TRUE
champagne-bricout|Champagne Bricout|Champagne Bricout|general||0|TRUE
champagne-gauthier|Champagne Gauthier|Champagne Gauthier|general||0|TRUE
champagne-krug|Champagne Krug|Champagne Krug|general||0|TRUE
champagne-mercier|Champagne Mercier|Champagne Mercier|general||0|TRUE
champagne-louis-nicaise|Champagne Louis Nicaise|Champagne Louis Nicaise|general||0|TRUE
chantelle-lingerie|Chantelle (lingerie)|Chantelle (lingerie)|general||0|TRUE
charles-oudin|Charles Oudin|Charles Oudin|general||0|TRUE
chlo|Chloé|Chloé|general||0|TRUE
chocolat-poulain|Chocolat Poulain|Chocolat Poulain|general||0|TRUE
ciat-group|CIAT Group|CIAT Group|general||0|TRUE
cij|CIJ|CIJ|general||0|TRUE
citron|Citroën|Citroën|general||0|TRUE
club-med|Club Med|Club Med|general||0|TRUE
cma-cgm|CMA CGM|CMA CGM|general||0|TRUE
coadou-fleury|Coadou-Fleury|Coadou-Fleury|general||0|TRUE
cofidis|Cofidis|Cofidis|general||0|TRUE
cokin|Cokin|Cokin|general||0|TRUE
com-one-group|Com One group|Com One group|general||0|TRUE
domestos|Domestos|Domestos|general||0|TRUE
doxy-vibrator|Doxy (vibrator)|Doxy (vibrator)|general||0|TRUE
draper-tools|Draper Tools|Draper Tools|general||0|TRUE
dress2kill|Dress2kill|Dress2kill|general||0|TRUE
dualit|Dualit|Dualit|general||0|TRUE
dulux|Dulux|Dulux|general||0|TRUE
dunhill-cigarette|Dunhill (cigarette)|Dunhill (cigarette)|general||0|TRUE
dyson-company|Dyson (company)|Dyson (company)|general||0|TRUE
easyjet|EasyJet|EasyJet|general||0|TRUE
eds-easy-diner|Ed's Easy Diner|Ed's Easy Diner|general||0|TRUE
elonex|Elonex|Elonex|general||0|TRUE
encyclopdia-britannica-inc|Encyclopædia Britannica, Inc.|Encyclopædia Britannica, Inc.|general||0|TRUE
europa-editions-uk|Europa Editions UK|Europa Editions UK|general||0|TRUE
eutelsat-oneweb|Eutelsat OneWeb|Eutelsat OneWeb|general||0|TRUE
everest-home-improvement|Everest Home Improvement|Everest Home Improvement|general||0|TRUE
ewbank|Ewbank|Ewbank|general||0|TRUE
fatface|FatFace|FatFace|general||0|TRUE
fedden-car|Fedden car|Fedden car|general||0|TRUE
ferguson-electronics|Ferguson Electronics|Ferguson Electronics|general||0|TRUE
finastra|Finastra|Finastra|general||0|TRUE
golden-breed|Golden Breed|Golden Breed|sportswear||0|TRUE
gooolde|Goool.de|Goool.de|sportswear||0|TRUE
gosen-company|Gosen (company)|Gosen (company)|sportswear||0|TRUE
grays-international|Grays International|Grays International|sportswear||0|TRUE
guirenniao|Guirenniao|Guirenniao|sportswear||0|TRUE
gul-watersports|Gul (watersports)|Gul (watersports)|sportswear||0|TRUE
gunn-moore|Gunn & Moore|Gunn & Moore|sportswear||0|TRUE
gymshark|Gymshark|Gymshark|sportswear||0|TRUE
haad-company|Haad (company)|Haad (company)|sportswear||0|TRUE
haglfs|Haglöfs|Haglöfs|sportswear||0|TRUE
halara|Halara|Halara|sportswear||0|TRUE
halbro|Halbro|Halbro|sportswear||0|TRUE
head-company|Head (company)|Head (company)|sportswear||0|TRUE
hibbett-sports|Hibbett Sports|Hibbett Sports|sportswear||0|TRUE
hugo-boss|Hugo Boss|Hugo Boss|sportswear||0|TRUE
hummel-international|Hummel International|Hummel International|sportswear||0|TRUE
hunts-county|Hunts County|Hunts County|sportswear||0|TRUE
i-measure-u|I Measure U|I Measure U|sportswear||0|TRUE
icarus-fc|Icarus FC|Icarus FC|sportswear||0|TRUE
iconix-brand-group|Iconix Brand Group|Iconix Brand Group|sportswear||0|TRUE
daqo-new-energy|Daqo New Energy|Daqo New Energy|general||0|TRUE
dashang-group|Dashang Group|Dashang Group|general||0|TRUE
datang-telecom-group|Datang Telecom Group|Datang Telecom Group|general||0|TRUE
datang-telecom-technology|Datang Telecom Technology|Datang Telecom Technology|general||0|TRUE
dayun-group|Dayun Group|Dayun Group|general||0|TRUE
deepcool|DeepCool|DeepCool|general||0|TRUE
deepin|Deepin|Deepin|general||0|TRUE
deepseek|DeepSeek|DeepSeek|general||0|TRUE
deli-company|Deli (company)|Deli (company)|general||0|TRUE
denza|Denza|Denza|general||0|TRUE
dhc-software|DHC Software|DHC Software|general||0|TRUE
dial-ev|Dial EV|Dial EV|general||0|TRUE
didi|DiDi|DiDi|general||0|TRUE
dji|DJI|DJI|general||0|TRUE
domy-marque|Domy (marque)|Domy (marque)|general||0|TRUE
dongfang-electric|Dongfang Electric|Dongfang Electric|general||0|TRUE
dongfeng-motor-corporation|Dongfeng Motor Corporation|Dongfeng Motor Corporation|general||0|TRUE
dongfeng-nammi|Dongfeng Nammi|Dongfeng Nammi|general||0|TRUE
dongfeng-yangtse|Dongfeng Yangtse|Dongfeng Yangtse|general||0|TRUE
dongling-vibration|Dongling Vibration|Dongling Vibration|general||0|TRUE
wychwood-brewery|Wychwood Brewery|Wychwood Brewery|beverage||0|TRUE
manpowergroup|ManpowerGroup|ManpowerGroup|general||0|TRUE
mars-inc|Mars Inc.|Mars Inc.|general||0|TRUE
mars-snacking|Mars Snacking|Mars Snacking|general||0|TRUE
mckesson-corporation|McKesson Corporation|McKesson Corporation|general||0|TRUE
mclane-company|McLane Company|McLane Company|general||0|TRUE
mentor-worldwide|Mentor Worldwide|Mentor Worldwide|general||0|TRUE
merck-co|Merck & Co.|Merck & Co.|general||0|TRUE
meta-platforms|Meta Platforms|Meta Platforms|general||0|TRUE
microsemi|Microsemi|Microsemi|general||0|TRUE
modular-mining-systems|Modular Mining Systems|Modular Mining Systems|general||0|TRUE
mondelez-international|Mondelez International|Mondelez International|general||0|TRUE
monetate|Monetate|Monetate|general||0|TRUE
montrose-environmental-group|Montrose Environmental Group|Montrose Environmental Group|general||0|TRUE
mozido|Mozido|Mozido|general||0|TRUE
national-instruments|National Instruments|National Instruments|general||0|TRUE
netcracker-technology|Netcracker Technology|Netcracker Technology|general||0|TRUE
netflix-inc|Netflix, Inc.|Netflix, Inc.|general||0|TRUE
netsuite|NetSuite|NetSuite|general||0|TRUE
nickelodeon-group|Nickelodeon Group|Nickelodeon Group|general||0|TRUE
strellson|Strellson|Strellson|general||0|TRUE
studer|Studer|Studer|general||0|TRUE
sulzer-manufacturer|Sulzer (manufacturer)|Sulzer (manufacturer)|general||0|TRUE
sunrise-llc|Sunrise LLC|Sunrise LLC|general||0|TRUE
swiss-federal-railways|Swiss Federal Railways|Swiss Federal Railways|general||0|TRUE
swiss-life|Swiss Life|Swiss Life|general||0|TRUE
swiss-re|Swiss Re|Swiss Re|general||0|TRUE
swiss-smile|Swiss Smile|Swiss Smile|general||0|TRUE
swisscom|Swisscom|Swisscom|general||0|TRUE
swissgear|SWISSGEAR|SWISSGEAR|general||0|TRUE
swisslog|Swisslog|Swisslog|general||0|TRUE
swisstel|Swissôtel|Swissôtel|general||0|TRUE
syngenta|Syngenta|Syngenta|general||0|TRUE
synthes|Synthes|Synthes|general||0|TRUE
tally-weijl|Tally Weijl|Tally Weijl|general||0|TRUE
tlsonique|Télésonique|Télésonique|general||0|TRUE
temenos-ag|Temenos AG|Temenos AG|general||0|TRUE
tesa-sa|Tesa SA|Tesa SA|general||0|TRUE
teseq|Teseq|Teseq|general||0|TRUE
thermoplan-ag|Thermoplan AG|Thermoplan AG|general||0|TRUE
enkei-corporation|Enkei Corporation|Enkei Corporation|general||0|TRUE
epoch-co|Epoch Co.|Epoch Co.|general||0|TRUE
epson|Epson|Epson|general||0|TRUE
esp-guitars|ESP Guitars|ESP Guitars|general||0|TRUE
evernew-company|Evernew (company)|Evernew (company)|general||0|TRUE
evisu|Evisu|Evisu|general||0|TRUE
excelsior-caff|Excelsior Caffé|Excelsior Caffé|general||0|TRUE
falken-tire|Falken Tire|Falken Tire|general||0|TRUE
family-inada|Family Inada|Family Inada|general||0|TRUE
familymart|FamilyMart|FamilyMart|general||0|TRUE
fromsoftware|FromSoftware|FromSoftware|general||0|TRUE
fuji-bikes|Fuji Bikes|Fuji Bikes|general||0|TRUE
fuji-electric|Fuji Electric|Fuji Electric|general||0|TRUE
fuji-gotemba-distillery|Fuji Gotemba distillery|Fuji Gotemba distillery|general||0|TRUE
fujifilm|Fujifilm|Fujifilm|general||0|TRUE
fujigen|FUJIGEN|FUJIGEN|general||0|TRUE
fujikura|Fujikura|Fujikura|general||0|TRUE
fujimitsu-corporation|Fujimitsu Corporation|Fujimitsu Corporation|general||0|TRUE
fujinon|Fujinon|Fujinon|general||0|TRUE
fujirebio|Fujirebio|Fujirebio|general||0|TRUE
pleo|Pleo|Pleo|toy||0|TRUE
pocher|Pocher|Pocher|toy||0|TRUE
polistil|Polistil|Polistil|toy||0|TRUE
princess-pring|Princess Pring|Princess Pring|toy||0|TRUE
rami-by-jmk|RAMI by J.M.K.|RAMI by J.M.K.|toy||0|TRUE
j-l-randall|J & L Randall|J & L Randall|toy||0|TRUE
rio-models|RIO Models|RIO Models|toy||0|TRUE
rivarossi|Rivarossi|Rivarossi|toy||0|TRUE
roboquad|Roboquad|Roboquad|toy||0|TRUE
roboraptor|Roboraptor|Roboraptor|toy||0|TRUE
robosapien|RoboSapien|RoboSapien|toy||0|TRUE
rubble-crew|Rubble & Crew|Rubble & Crew|toy||0|TRUE
sablon-diecast|Sablon diecast|Sablon diecast|toy||0|TRUE
safir-models|Safir (models)|Safir (models)|toy||0|TRUE
salter-science|Salter Science|Salter Science|toy||0|TRUE
sanrio|Sanrio|Sanrio|toy||0|TRUE
sea-monkeys|Sea-Monkeys|Sea-Monkeys|toy||0|TRUE
sega-fave|Sega Fave|Sega Fave|toy||0|TRUE
shown-tell|Show'N Tell|Show'N Tell|toy||0|TRUE
skannerz|Skannerz|Skannerz|toy||0|TRUE
finish-detergent|Finish (detergent)|Finish (detergent)|general||0|TRUE
finnigans|Finnigans|Finnigans|general||0|TRUE
first-choice-uk|First Choice (UK)|First Choice (UK)|general||0|TRUE
fishermans-friend|Fisherman's Friend|Fisherman's Friend|general||0|TRUE
flybe-19792020|Flybe (1979–2020)|Flybe (1979–2020)|general||0|TRUE
focusrite|Focusrite|Focusrite|general||0|TRUE
the-fold-brand|The Fold (brand)|The Fold (brand)|general||0|TRUE
ford-of-britain|Ford of Britain|Ford of Britain|general||0|TRUE
forever-friends-brand|Forever Friends (brand)|Forever Friends (brand)|general||0|TRUE
fred-perry-clothing-label|Fred Perry (clothing label)|Fred Perry (clothing label)|general||0|TRUE
fuel-juice-bars|Fuel Juice Bars|Fuel Juice Bars|general||0|TRUE
fulton-umbrellas|Fulton Umbrellas|Fulton Umbrellas|general||0|TRUE
future-disco|Future Disco|Future Disco|general||0|TRUE
gelert-company|Gelert (company)|Gelert (company)|general||0|TRUE
general-eyewear|General Eyewear|General Eyewear|general||0|TRUE
genesis-bicycle-company|Genesis (bicycle company)|Genesis (bicycle company)|general||0|TRUE
ginsters|Ginsters|Ginsters|general||0|TRUE
gkn|GKN|GKN|general||0|TRUE
globe-trotter|Globe-Trotter|Globe-Trotter|general||0|TRUE
goodmans-electronics-company|Goodmans (electronics company)|Goodmans (electronics company)|general||0|TRUE
double-coin|Double Coin|Double Coin|general||0|TRUE
doublestar-company|Doublestar (company)|Doublestar (company)|general||0|TRUE
douyu|DouYu|DouYu|general||0|TRUE
dramabox|DramaBox|DramaBox|general||0|TRUE
dreame-technology|Dreame Technology|Dreame Technology|general||0|TRUE
eastroc-beverage|Eastroc Beverage|Eastroc Beverage|general||0|TRUE
eastroc-super-drink|Eastroc Super Drink|Eastroc Super Drink|general||0|TRUE
ecovacs-robotics|Ecovacs Robotics|Ecovacs Robotics|general||0|TRUE
edifier|Edifier|Edifier|general||0|TRUE
ehang|EHang|EHang|general||0|TRUE
eisoo|Eisoo|Eisoo|general||0|TRUE
elf-bar|Elf Bar|Elf Bar|general||0|TRUE
elion-group|Elion Group|Elion Group|general||0|TRUE
emdoor|Emdoor|Emdoor|general||0|TRUE
eno-company|Eno (company)|Eno (company)|general||0|TRUE
enovate-marque|Enovate (marque)|Enovate (marque)|general||0|TRUE
weichai-chongqing-automotive|Weichai (Chongqing) Automotive|Weichai (Chongqing) Automotive|general||0|TRUE
envision-energy|Envision Energy|Envision Energy|general||0|TRUE
estun-automation|Estun Automation|Estun Automation|general||0|TRUE
eufy|Eufy|Eufy|general||0|TRUE
matires-fcales|Matières Fécales|Matières Fécales|fashion||0|TRUE
mavi-jeans|Mavi Jeans|Mavi Jeans|fashion||0|TRUE
max-studio|Max Studio|Max Studio|fashion||0|TRUE
mcs-fashion-brand|MCS (fashion brand)|MCS (fashion brand)|fashion||0|TRUE
merc-clothing|Merc Clothing|Merc Clothing|fashion||0|TRUE
mic-mac-brand|Mic Mac (brand)|Mic Mac (brand)|fashion||0|TRUE
miuniku|Miuniku|Miuniku|fashion||0|TRUE
monte-carlo-fashions-limited|Monte Carlo Fashions Limited|Monte Carlo Fashions Limited|fashion||0|TRUE
moods-of-norway|Moods of Norway|Moods of Norway|fashion||0|TRUE
morgan-clothing|Morgan (clothing)|Morgan (clothing)|fashion||0|TRUE
morphsuits|Morphsuits|Morphsuits|fashion||0|TRUE
moshions|Moshions|Moshions|fashion||0|TRUE
mudd-jeans|Mudd Jeans|Mudd Jeans|fashion||0|TRUE
mufti-company|Mufti (company)|Mufti (company)|fashion||0|TRUE
nakkna|Nakkna|Nakkna|fashion||0|TRUE
nina-ricci-brand|Nina Ricci (brand)|Nina Ricci (brand)|fashion||0|TRUE
noko-jeans|Noko Jeans|Noko Jeans|fashion||0|TRUE
norwegian-rain|Norwegian Rain|Norwegian Rain|fashion||0|TRUE
obey-clothing-brand|Obey (clothing brand)|Obey (clothing brand)|fashion||0|TRUE
oggi|OGGI|OGGI|fashion||0|TRUE
eve-energy|EVE Energy|EVE Energy|general||0|TRUE
evergrande-new-energy-auto|Evergrande New Energy Auto|Evergrande New Energy Auto|general||0|TRUE
everus|Everus|Everus|general||0|TRUE
evoke-motorcycles|Evoke Motorcycles|Evoke Motorcycles|general||0|TRUE
fangchengbao|Fangchengbao|Fangchengbao|general||0|TRUE
farida-guitars|Farida Guitars|Farida Guitars|general||0|TRUE
farmmi|Farmmi|Farmmi|general||0|TRUE
fat-shark|Fat Shark|Fat Shark|general||0|TRUE
faw-group|FAW Group|FAW Group|general||0|TRUE
feiyue-group|Feiyue Group|Feiyue Group|general||0|TRUE
fiberhome|FiberHome|FiberHome|general||0|TRUE
firefly-marque|Firefly (marque)|Firefly (marque)|general||0|TRUE
flying-pigeon|Flying Pigeon|Flying Pigeon|general||0|TRUE
focus-media|Focus Media|Focus Media|general||0|TRUE
foday|Foday|Foday|general||0|TRUE
folor|Folor|Folor|general||0|TRUE
for-u-smart-freight|FOR-U Smart Freight|FOR-U Smart Freight|general||0|TRUE
fosun-international|Fosun International|Fosun International|general||0|TRUE
fosun-pharma|Fosun Pharma|Fosun Pharma|general||0|TRUE
foton-motor|Foton Motor|Foton Motor|general||0|TRUE
gordon-murray-automotive|Gordon Murray Automotive|Gordon Murray Automotive|general||0|TRUE
granellis-ice-cream|Granelli's Ice Cream|Granelli's Ice Cream|general||0|TRUE
graphcore|Graphcore|Graphcore|general||0|TRUE
gray-nicolls|Gray-Nicolls|Gray-Nicolls|general||0|TRUE
the-great-horseless-carriage-company|The Great Horseless Carriage Company|The Great Horseless Carriage Company|general||0|TRUE
green-cross-code|Green Cross Code|Green Cross Code|general||0|TRUE
greene-king|Greene King|Greene King|general||0|TRUE
grey-technology|Grey Technology|Grey Technology|general||0|TRUE
griffon-hoverwork|Griffon Hoverwork|Griffon Hoverwork|general||0|TRUE
gullane-entertainment|Gullane Entertainment|Gullane Entertainment|general||0|TRUE
halfords|Halfords|Halfords|general||0|TRUE
hamlet-cigar|Hamlet (cigar)|Hamlet (cigar)|general||0|TRUE
hammerite|Hammerite|Hammerite|general||0|TRUE
happy-faces|Happy Faces|Happy Faces|general||0|TRUE
harland-wolff|Harland & Wolff|Harland & Wolff|general||0|TRUE
hedgehog-flavour-crisps|Hedgehog Flavour Crisps|Hedgehog Flavour Crisps|general||0|TRUE
hedkandi|Hedkandi|Hedkandi|general||0|TRUE
henri-lloyd|Henri Lloyd|Henri Lloyd|general||0|TRUE
henry-vacuum-cleaner|Henry (vacuum cleaner)|Henry (vacuum cleaner)|general||0|TRUE
hesketh-motorcycles|Hesketh Motorcycles|Hesketh Motorcycles|general||0|TRUE
h-moser-cie|H. Moser & Cie|H. Moser & Cie|fashion-luxury||0|TRUE
h-stern|H. Stern|H. Stern|fashion-luxury||0|TRUE
hamilton-inches|Hamilton & Inches|Hamilton & Inches|fashion-luxury||0|TRUE
hardy-brothers|Hardy Brothers|Hardy Brothers|fashion-luxury||0|TRUE
harry-winston-inc|Harry Winston, Inc.|Harry Winston, Inc.|fashion-luxury||0|TRUE
hstens|Hästens|Hästens|fashion-luxury||0|TRUE
hawico|Hawico|Hawico|fashion-luxury||0|TRUE
hdiard|Hédiard|Hédiard|fashion-luxury||0|TRUE
iwc-schaffhausen|IWC Schaffhausen|IWC Schaffhausen|fashion-luxury||0|TRUE
j-pauly-sohn|J. Pauly & Sohn|J. Pauly & Sohn|fashion-luxury||0|TRUE
jacob-co|Jacob & Co|Jacob & Co|fashion-luxury||0|TRUE
jaeger-clothing|Jaeger (clothing)|Jaeger (clothing)|fashion-luxury||0|TRUE
jaeger-lecoultre|Jaeger-LeCoultre|Jaeger-LeCoultre|fashion-luxury||0|TRUE
jc-vickery|JC Vickery|JC Vickery|fashion-luxury||0|TRUE
jean-lassale|Jean Lassale|Jean Lassale|fashion-luxury||0|TRUE
jewelmer|Jewelmer|Jewelmer|fashion-luxury||0|TRUE
jo-malone-london|Jo Malone London|Jo Malone London|fashion-luxury||0|TRUE
joh-loetz-witwe|Joh. Loetz Witwe|Joh. Loetz Witwe|fashion-luxury||0|TRUE
junghans|Junghans|Junghans|fashion-luxury||0|TRUE
jurlique|Jurlique|Jurlique|fashion-luxury||0|TRUE
loake|Loake|Loake|fashion||0|TRUE
john-lobb-bootmaker|John Lobb Bootmaker|John Lobb Bootmaker|fashion||0|TRUE
lotto-sport-italia|Lotto Sport Italia|Lotto Sport Italia|fashion||0|TRUE
lugz|Lugz|Lugz|fashion||0|TRUE
luigi-voltan|Luigi Voltan|Luigi Voltan|fashion||0|TRUE
steve-madden-ltd|Steve Madden, Ltd.|Steve Madden, Ltd.|fashion||0|TRUE
melville-shoe-corporation|Melville Shoe Corporation|Melville Shoe Corporation|fashion||0|TRUE
merooj|Merooj|Merooj|fashion||0|TRUE
merrell-company|Merrell (company)|Merrell (company)|fashion||0|TRUE
mills-sports-brand|Mills (sports brand)|Mills (sports brand)|fashion||0|TRUE
moon-boot|Moon Boot|Moon Boot|fashion||0|TRUE
munich-sport-shoes|Munich (sport shoes)|Munich (sport shoes)|fashion||0|TRUE
naot|Naot|Naot|fashion||0|TRUE
nike-inc|Nike, Inc.|Nike, Inc.|fashion||0|TRUE
nocona-boots|Nocona Boots|Nocona Boots|fashion||0|TRUE
vanessa-noel|Vanessa Noel|Vanessa Noel|fashion||0|TRUE
northwave|Northwave|Northwave|fashion||0|TRUE
oofos|Oofos|Oofos|fashion||0|TRUE
the-original-car-shoe|The Original Car Shoe|The Original Car Shoe|fashion||0|TRUE
original-penguin|Original Penguin|Original Penguin|fashion||0|TRUE
fujitec|Fujitec|Fujitec|general||0|TRUE
fujitsu|Fujitsu|Fujitsu|general||0|TRUE
fujiya|Fujiya|Fujiya|general||0|TRUE
funai|Funai|Funai|general||0|TRUE
furukawa-electric|Furukawa Electric|Furukawa Electric|general||0|TRUE
furuno|Furuno|Furuno|general||0|TRUE
fuso-company|Fuso (company)|Fuso (company)|general||0|TRUE
futaba-corporation|Futaba Corporation|Futaba Corporation|general||0|TRUE
gakken|Gakken|Gakken|general||0|TRUE
geexplus|GeeXPlus|GeeXPlus|general||0|TRUE
gen-corporation|GEN Corporation|GEN Corporation|general||0|TRUE
gesshizu|Gesshizu|Gesshizu|general||0|TRUE
gigabeat|Gigabeat|Gigabeat|general||0|TRUE
glico|Glico|Glico|general||0|TRUE
glm-co-ltd|GLM Co. Ltd.|GLM Co. Ltd.|general||0|TRUE
global-cutlery|Global (cutlery)|Global (cutlery)|general||0|TRUE
globis|Globis|Globis|general||0|TRUE
graphtec|Graphtec|Graphtec|general||0|TRUE
gre-company|GRE (company)|GRE (company)|general||0|TRUE
greddy|GReddy|GReddy|general||0|TRUE
ortuseight|Ortuseight|Ortuseight|fashion||0|TRUE
osiris-shoes|Osiris Shoes|Osiris Shoes|fashion||0|TRUE
pf-flyers|PF Flyers|PF Flyers|fashion||0|TRUE
palladium-boots|Palladium Boots|Palladium Boots|fashion||0|TRUE
panam-brand|Panam (brand)|Panam (brand)|fashion||0|TRUE
paris-texas-brand|Paris Texas (brand)|Paris Texas (brand)|fashion||0|TRUE
pediped-footwear|Pediped Footwear|Pediped Footwear|fashion||0|TRUE
puma-brand|Puma (brand)|Puma (brand)|fashion||0|TRUE
r-m-williams-company|R. M. Williams (company)|R. M. Williams (company)|fashion||0|TRUE
rainbow-cobblers|Rainbow Cobblers|Rainbow Cobblers|fashion||0|TRUE
real-united|Real United|Real United|fashion||0|TRUE
red-or-dead|Red or Dead|Red or Dead|fashion||0|TRUE
reebok-ventilator|Reebok Ventilator|Reebok Ventilator|fashion||0|TRUE
reef-company|Reef (company)|Reef (company)|fashion||0|TRUE
rockport-company|Rockport (company)|Rockport (company)|fashion||0|TRUE
russell-bromley|Russell & Bromley|Russell & Bromley|fashion||0|TRUE
samuel-hubbard-shoe-company|Samuel Hubbard Shoe Company|Samuel Hubbard Shoe Company|fashion||0|TRUE
sanders-sanders-ltd|Sanders & Sanders Ltd.|Sanders & Sanders Ltd.|fashion||0|TRUE
sas-shoemakers|SAS (shoemakers)|SAS (shoemakers)|fashion||0|TRUE
saucony|Saucony|Saucony|fashion||0|TRUE
sebago-company|Sebago (company)|Sebago (company)|fashion||0|TRUE
sergio-rossi|Sergio Rossi|Sergio Rossi|fashion||0|TRUE
sessions-clothing-company|Sessions (clothing company)|Sessions (clothing company)|fashion||0|TRUE
daniella-shevel|Daniella Shevel|Daniella Shevel|fashion||0|TRUE
shoedazzle|ShoeDazzle|ShoeDazzle|fashion||0|TRUE
shy-company|Shy (company)|Shy (company)|fashion||0|TRUE
sidi-company|Sidi (company)|Sidi (company)|fashion||0|TRUE
simod|Simod|Simod|fashion||0|TRUE
skechers|Skechers|Skechers|fashion||0|TRUE
paul-smith-fashion-designer|Paul Smith (fashion designer)|Paul Smith (fashion designer)|fashion||0|TRUE
solovair|Solovair|Solovair|fashion||0|TRUE
sorel-brand|Sorel (brand)|Sorel (brand)|fashion||0|TRUE
source-vagabond-systems|Source Vagabond Systems|Source Vagabond Systems|fashion||0|TRUE
source-sandals|Source Sandals|Source Sandals|fashion||0|TRUE
start-rite|Start-rite|Start-rite|fashion||0|TRUE
superga-brand|Superga (brand)|Superga (brand)|fashion||0|TRUE
tecovas-company|Tecovas (company)|Tecovas (company)|fashion||0|TRUE
thom-mcan|Thom McAn|Thom McAn|fashion||0|TRUE
tods|Tod's|Tod's|fashion||0|TRUE
tom-ford-brand|Tom Ford (brand)|Tom Ford (brand)|fashion||0|TRUE
de-tomaso|De Tomaso|De Tomaso|general||0|TRUE
de-longhi|De' Longhi|De' Longhi|general||0|TRUE
delclima|DeLclima|DeLclima|general||0|TRUE
dellorto|Dell'Orto|Dell'Orto|general||0|TRUE
della-ferrera|Della Ferrera|Della Ferrera|general||0|TRUE
di-blasi-industriale|Di Blasi Industriale|Di Blasi Industriale|general||0|TRUE
diasorin|DiaSorin|DiaSorin|general||0|TRUE
digital-bros|Digital Bros|Digital Bros|general||0|TRUE
dmack|DMACK|DMACK|general||0|TRUE
dolomiti-energia|Dolomiti Energia|Dolomiti Energia|general||0|TRUE
dolomitibus|Dolomitibus|Dolomitibus|general||0|TRUE
domori|Domori|Domori|general||0|TRUE
ducati|Ducati|Ducati|general||0|TRUE
ducati-company|Ducati (company)|Ducati (company)|general||0|TRUE
durst|Durst|Durst|general||0|TRUE
eca-sindel|Eca Sindel|Eca Sindel|general||0|TRUE
ecco-domani|Ecco Domani|Ecco Domani|general||0|TRUE
edison-company|Edison (company)|Edison (company)|general||0|TRUE
edra|Edra|Edra|general||0|TRUE
eko-guitars|Eko Guitars|Eko Guitars|general||0|TRUE
sky-dancers|Sky Dancers|Sky Dancers|toy||0|TRUE
solido|Solido|Solido|toy||0|TRUE
sophie-the-giraffe|Sophie the Giraffe|Sophie the Giraffe|toy||0|TRUE
squishmallows|Squishmallows|Squishmallows|toy||0|TRUE
stemfie|Stemfie|Stemfie|toy||0|TRUE
stikfas|Stikfas|Stikfas|toy||0|TRUE
super-imaginative-chogokin|Super Imaginative Chogokin|Super Imaginative Chogokin|toy||0|TRUE
talk-n-play|Talk 'n Play|Talk 'n Play|toy||0|TRUE
teddy-ruxpin|Teddy Ruxpin|Teddy Ruxpin|toy||0|TRUE
tekno-toy-manufacturer|Tekno (toy manufacturer)|Tekno (toy manufacturer)|toy||0|TRUE
thomas-friends-merchandise|Thomas & Friends merchandise|Thomas & Friends merchandise|toy||0|TRUE
timpo|Timpo|Timpo|toy||0|TRUE
tiny-love|Tiny Love|Tiny Love|toy||0|TRUE
tomica-toy-line|Tomica (toy line)|Tomica (toy line)|toy||0|TRUE
tomy|Tomy|Tomy|toy||0|TRUE
tootsietoy|TootsieToy|TootsieToy|toy||0|TRUE
tosy|TOSY|TOSY|toy||0|TRUE
toyfinity|Toyfinity|Toyfinity|toy||0|TRUE
transogram|Transogram|Transogram|toy||0|TRUE
tri-ang|Tri-ang|Tri-ang|toy||0|TRUE
isc-sportswear|ISC (sportswear)|ISC (sportswear)|sportswear||0|TRUE
ivivva-athletica|Ivivva athletica|Ivivva athletica|sportswear||0|TRUE
izod|Izod|Izod|sportswear||0|TRUE
jw-foster-and-sons|J.W. Foster and Sons|J.W. Foster and Sons|sportswear||0|TRUE
jd-sports|JD Sports|JD Sports|sportswear||0|TRUE
jofa|Jofa|Jofa|sportswear||0|TRUE
jgel|Jögel|Jögel|sportswear||0|TRUE
juicy-couture|Juicy Couture|Juicy Couture|sportswear||0|TRUE
k2-sports|K2 Sports|K2 Sports|sportswear||0|TRUE
karhu-sports-brand|Karhu (sports brand)|Karhu (sports brand)|sportswear||0|TRUE
studio-keel|Studio Keel|Studio Keel|sportswear||0|TRUE
kelme-company|Kelme (company)|Kelme (company)|sportswear||0|TRUE
bernhard-kempa|Bernhard Kempa|Bernhard Kempa|sportswear||0|TRUE
keuka-brand|Keuka (brand)|Keuka (brand)|sportswear||0|TRUE
kit-and-ace|Kit and Ace|Kit and Ace|sportswear||0|TRUE
kiwami|Kiwami|Kiwami|sportswear||0|TRUE
kookaburra-sport|Kookaburra Sport|Kookaburra Sport|sportswear||0|TRUE
kosa-sports-manufacturer|Kosa (sports manufacturer)|Kosa (sports manufacturer)|sportswear||0|TRUE
ktm-cty|KTM CTY|KTM CTY|sportswear||0|TRUE
kukri-sports|Kukri Sports|Kukri Sports|sportswear||0|TRUE
hofele-design|Hofele-Design|Hofele-Design|general||0|TRUE
hfner|Höfner|Höfner|general||0|TRUE
horizn|Horizn|Horizn|general||0|TRUE
hrmann|Hörmann|Hörmann|general||0|TRUE
hoyer-guitars|Hoyer Guitars|Hoyer Guitars|general||0|TRUE
huf-haus|Huf Haus|Huf Haus|general||0|TRUE
hussel|Hussel|Hussel|general||0|TRUE
hutschenreuther-family|Hutschenreuther family|Hutschenreuther family|general||0|TRUE
hypovereinsbank|HypoVereinsbank|HypoVereinsbank|general||0|TRUE
igus|Igus|Igus|general||0|TRUE
indramat|Indramat|Indramat|general||0|TRUE
j-d-neuhaus|J. D. Neuhaus|J. D. Neuhaus|general||0|TRUE
jack-wolfskin|Jack Wolfskin|Jack Wolfskin|general||0|TRUE
jgermeister|Jägermeister|Jägermeister|general||0|TRUE
jenapharm|Jenapharm|Jenapharm|general||0|TRUE
jenoptik|Jenoptik|Jenoptik|general||0|TRUE
jetcar|Jetcar|Jetcar|general||0|TRUE
jungheinrich|Jungheinrich|Jungheinrich|general||0|TRUE
juwel-cigarette|Juwel (cigarette)|Juwel (cigarette)|general||0|TRUE
ks|K+S|K+S|general||0|TRUE
gree-japanese-company|Gree (Japanese company)|Gree (Japanese company)|general||0|TRUE
gs-yuasa|GS Yuasa|GS Yuasa|general||0|TRUE
gu-retailer|GU (retailer)|GU (retailer)|general||0|TRUE
gungho-online-entertainment|GungHo Online Entertainment|GungHo Online Entertainment|general||0|TRUE
guyatone|Guyatone|Guyatone|general||0|TRUE
gyu-kaku|Gyu-Kaku|Gyu-Kaku|general||0|TRUE
h2o-retailing|H2O Retailing|H2O Retailing|general||0|TRUE
hada-labo|Hada Labo|Hada Labo|general||0|TRUE
hakushu-distillery|Hakushu distillery|Hakushu distillery|general||0|TRUE
hamamatsu-photonics|Hamamatsu Photonics|Hamamatsu Photonics|general||0|TRUE
hanazono-room|Hanazono Room|Hanazono Room|general||0|TRUE
hankyu-hanshin-hotels|Hankyu Hanshin Hotels|Hankyu Hanshin Hotels|general||0|TRUE
hasegawa-corporation|Hasegawa Corporation|Hasegawa Corporation|general||0|TRUE
haseko|Haseko|Haseko|general||0|TRUE
hatena-company|Hatena (company)|Hatena (company)|general||0|TRUE
hazama-ando|Hazama Ando|Hazama Ando|general||0|TRUE
heiwa-corporation|Heiwa Corporation|Heiwa Corporation|general||0|TRUE
hike-messenger|Hike Messenger|Hike Messenger|general||0|TRUE
hirobo|Hirobo|Hirobo|general||0|TRUE
hirose-electric-group|Hirose Electric Group|Hirose Electric Group|general||0|TRUE
hillman|Hillman|Hillman|general||0|TRUE
hiwatt|Hiwatt|Hiwatt|general||0|TRUE
homebase|Homebase|Homebase|general||0|TRUE
hoopers-hooch|Hooper's Hooch|Hooper's Hooch|general||0|TRUE
hornby-railways|Hornby Railways|Hornby Railways|general||0|TRUE
hot-animation|HOT Animation|HOT Animation|general||0|TRUE
hovis|Hovis|Hovis|general||0|TRUE
hp-sauce|HP Sauce|HP Sauce|general||0|TRUE
hsbc-uk|HSBC UK|HSBC UK|general||0|TRUE
hygena|Hygena|Hygena|general||0|TRUE
ilford-photo|Ilford Photo|Ilford Photo|general||0|TRUE
roksanda-ilini|Roksanda Ilinčić|Roksanda Ilinčić|general||0|TRUE
imagination-technologies|Imagination Technologies|Imagination Technologies|general||0|TRUE
imperial-leather|Imperial Leather|Imperial Leather|general||0|TRUE
inchcape-plc|Inchcape plc|Inchcape plc|general||0|TRUE
inchcape-shipping-services|Inchcape Shipping Services|Inchcape Shipping Services|general||0|TRUE
innis-gunn|Innis & Gunn|Innis & Gunn|general||0|TRUE
innovia-films|Innovia Films|Innovia Films|general||0|TRUE
international-paint|International Paint|International Paint|general||0|TRUE
isle-of-man-film|Isle of Man Film|Isle of Man Film|general||0|TRUE
juvenia|Juvenia|Juvenia|fashion-luxury||0|TRUE
kalyan-jewellers|Kalyan Jewellers|Kalyan Jewellers|fashion-luxury||0|TRUE
khaite|Khaite|Khaite|fashion-luxury||0|TRUE
max-kibardin|Max Kibardin|Max Kibardin|fashion-luxury||0|TRUE
kieselstein-cord|Kieselstein-Cord|Kieselstein-Cord|fashion-luxury||0|TRUE
kimberlite-diamond|Kimberlite Diamond|Kimberlite Diamond|fashion-luxury||0|TRUE
kors-vodka|Kors Vodka|Kors Vodka|fashion-luxury||0|TRUE
kuboraum|Kuboraum|Kuboraum|fashion-luxury||0|TRUE
kuhn-komor|Kuhn & Komor|Kuhn & Komor|fashion-luxury||0|TRUE
a-lange-shne|A. Lange & Söhne|A. Lange & Söhne|fashion-luxury||0|TRUE
lanificio-fratelli-cerruti|Lanificio Fratelli Cerruti|Lanificio Fratelli Cerruti|fashion-luxury||0|TRUE
lark-berry|Lark & Berry|Lark & Berry|fashion-luxury||0|TRUE
laurent-ferrier|Laurent Ferrier|Laurent Ferrier|fashion-luxury||0|TRUE
le-labo|Le Labo|Le Labo|fashion-luxury||0|TRUE
lewis-cooper|Lewis & Cooper|Lewis & Cooper|fashion-luxury||0|TRUE
lewis-leathers|Lewis Leathers|Lewis Leathers|fashion-luxury||0|TRUE
loews-hotels|Loews Hotels|Loews Hotels|fashion-luxury||0|TRUE
longines|Longines|Longines|fashion-luxury||0|TRUE
loro-piana|Loro Piana|Loro Piana|fashion-luxury||0|TRUE
lozza-eyewear|Lozza (eyewear)|Lozza (eyewear)|fashion-luxury||0|TRUE
nile-company|Nile (company)|Nile (company)|general||0|TRUE
nordam|Nordam|Nordam|general||0|TRUE
oil-states-international|Oil States International|Oil States International|general||0|TRUE
onesubsea|OneSubsea|OneSubsea|general||0|TRUE
onsemi|Onsemi|Onsemi|general||0|TRUE
opengear|Opengear|Opengear|general||0|TRUE
optimizely|Optimizely|Optimizely|general||0|TRUE
oracle-corporation|Oracle Corporation|Oracle Corporation|general||0|TRUE
ortiz-gaming|Ortiz Gaming|Ortiz Gaming|general||0|TRUE
parsons-corporation|Parsons Corporation|Parsons Corporation|general||0|TRUE
peabody-energy|Peabody Energy|Peabody Energy|general||0|TRUE
pitney-bowes|Pitney Bowes|Pitney Bowes|general||0|TRUE
popcap-games|PopCap Games|PopCap Games|general||0|TRUE
ppg-industries|PPG Industries|PPG Industries|general||0|TRUE
privy-circle|Privy Circle|Privy Circle|general||0|TRUE
qi-hardware|Qi Hardware|Qi Hardware|general||0|TRUE
qualcomm|Qualcomm|Qualcomm|general||0|TRUE
quizlet|Quizlet|Quizlet|general||0|TRUE
rl-carriers|R+L Carriers|R+L Carriers|general||0|TRUE
radio-computing-services|Radio Computing Services|Radio Computing Services|general||0|TRUE
tt-toys-toys|TT Toys Toys|TT Toys Toys|toy||0|TRUE
upsy-downsy|Upsy Downsy|Upsy Downsy|toy||0|TRUE
veb-plasticart|VEB Plasticart|VEB Plasticart|toy||0|TRUE
vitesse-models|Vitesse Models|Vitesse Models|toy||0|TRUE
wentworth-wooden-puzzles|Wentworth Wooden Puzzles|Wentworth Wooden Puzzles|toy||0|TRUE
wooly-willy|Wooly Willy|Wooly Willy|toy||0|TRUE
yat-ming|Yat Ming|Yat Ming|toy||0|TRUE
yoshikitty|Yoshikitty|Yoshikitty|toy||0|TRUE
yowie-chocolate|Yowie (chocolate)|Yowie (chocolate)|toy||0|TRUE
zbots|Zbots|Zbots|toy||0|TRUE
ziss-modell|Ziss Modell|Ziss Modell|toy||0|TRUE
zoobles|Zoobles!|Zoobles!|toy||0|TRUE
zoomorphs|Zoomorphs|Zoomorphs|toy||0|TRUE
zubbles|Zubbles|Zubbles|toy||0|TRUE
founder-technology|Founder Technology|Founder Technology|general||0|TRUE
foxconn-industrial-internet|Foxconn Industrial Internet|Foxconn Industrial Internet|general||0|TRUE
fukang-automotive-brand|Fukang (automotive brand)|Fukang (automotive brand)|general||0|TRUE
funshion|Funshion|Funshion|general||0|TRUE
fuqi-international|Fuqi International|Fuqi International|general||0|TRUE
fuyao-group|Fuyao Group|Fuyao Group|general||0|TRUE
gfive|G'Five|G'Five|general||0|TRUE
gac-group|GAC Group|GAC Group|general||0|TRUE
gac-trumpchi|GAC Trumpchi|GAC Trumpchi|general||0|TRUE
galanz|Galanz|Galanz|general||0|TRUE
gamepad-digital|GamePad Digital|GamePad Digital|general||0|TRUE
ganyuting|Ganyuting|Ganyuting|general||0|TRUE
gaokin|Gaokin|Gaokin|general||0|TRUE
geely|Geely|Geely|general||0|TRUE
geely-auto|Geely Auto|Geely Auto|general||0|TRUE
geely-galaxy|Geely Galaxy|Geely Galaxy|general||0|TRUE
geely-geometry|Geely Geometry|Geely Geometry|general||0|TRUE
geely-ming-industrial|Geely Ming Industrial|Geely Ming Industrial|general||0|TRUE
gigadevice|GigaDevice|GigaDevice|general||0|TRUE
gionee|Gionee|Gionee|general||0|TRUE
maison-cardeilhac|Maison Cardeilhac|Maison Cardeilhac|fashion-luxury||0|TRUE
maison-devambez|Maison Devambez|Maison Devambez|fashion-luxury||0|TRUE
malabar-gold-diamonds|Malabar Gold & Diamonds|Malabar Gold & Diamonds|fashion-luxury||0|TRUE
maria-tash-company|Maria Tash (company)|Maria Tash (company)|fashion-luxury||0|TRUE
maritimo-company|Maritimo (company)|Maritimo (company)|fashion-luxury||0|TRUE
mark-cross-brand|Mark Cross (brand)|Mark Cross (brand)|fashion-luxury||0|TRUE
sid-mashburn|Sid Mashburn|Sid Mashburn|fashion-luxury||0|TRUE
mast-brothers|Mast Brothers|Mast Brothers|fashion-luxury||0|TRUE
maurice-lacroix|Maurice Lacroix|Maurice Lacroix|fashion-luxury||0|TRUE
raul-melgoza|Raul Melgoza|Raul Melgoza|fashion-luxury||0|TRUE
mellerio-dits-meller|Mellerio dits Meller|Mellerio dits Meller|fashion-luxury||0|TRUE
memorigin|Memorigin|Memorigin|fashion-luxury||0|TRUE
miki-corporation|Miki Corporation|Miki Corporation|fashion-luxury||0|TRUE
kokichi-mikimoto|Kokichi Mikimoto|Kokichi Mikimoto|fashion-luxury||0|TRUE
mot-chandon|Moët & Chandon|Moët & Chandon|fashion-luxury||0|TRUE
moiseikin-jewellery-house|Moiseikin Jewellery House|Moiseikin Jewellery House|fashion-luxury||0|TRUE
monse|Monse|Monse|fashion-luxury||0|TRUE
montblanc-company|Montblanc (company)|Montblanc (company)|fashion-luxury||0|TRUE
montegrappa|Montegrappa|Montegrappa|fashion-luxury||0|TRUE
moooi|Moooi|Moooi|fashion-luxury||0|TRUE
hirox|Hirox|Hirox|general||0|TRUE
hisamitsu-pharmaceutical|Hisamitsu Pharmaceutical|Hisamitsu Pharmaceutical|general||0|TRUE
hitachi|Hitachi|Hitachi|general||0|TRUE
hks-company|HKS (company)|HKS (company)|general||0|TRUE
hmi-hotel-group|HMI Hotel Group|HMI Hotel Group|general||0|TRUE
hobonichi|Hobonichi|Hobonichi|general||0|TRUE
hokuetsu-corporation|Hokuetsu Corporation|Hokuetsu Corporation|general||0|TRUE
hokuyo-automatic-co-ltd|Hokuyo Automatic Co., Ltd.|Hokuyo Automatic Co., Ltd.|general||0|TRUE
hori-company|Hori (company)|Hori (company)|general||0|TRUE
horiba|Horiba|Horiba|general||0|TRUE
howa|Howa|Howa|general||0|TRUE
hoya-corporation|Hoya Corporation|Hoya Corporation|general||0|TRUE
ibanez|Ibanez|Ibanez|general||0|TRUE
ibiden|Ibiden|Ibiden|general||0|TRUE
ichikoh|Ichikoh|Ichikoh|general||0|TRUE
icom-incorporated|Icom Incorporated|Icom Incorporated|general||0|TRUE
idemitsu-kosan|Idemitsu Kosan|Idemitsu Kosan|general||0|TRUE
ihi-corporation|IHI Corporation|IHI Corporation|general||0|TRUE
iiyama-company|Iiyama (company)|Iiyama (company)|general||0|TRUE
ikegami-tsushinki|Ikegami Tsushinki|Ikegami Tsushinki|general||0|TRUE
hj-shipbuilding-construction|HJ Shipbuilding & Construction|HJ Shipbuilding & Construction|general||0|TRUE
hl-mando|HL Mando|HL Mando|general||0|TRUE
hmm-company|HMM (company)|HMM (company)|general||0|TRUE
hollys|Hollys|Hollys|general||0|TRUE
hotel-shilla|Hotel Shilla|Hotel Shilla|general||0|TRUE
hsg-sungdong|HSG Sungdong|HSG Sungdong|general||0|TRUE
humax|Humax|Humax|general||0|TRUE
hyosung|Hyosung|Hyosung|general||0|TRUE
hyundai-cement|Hyundai Cement|Hyundai Cement|general||0|TRUE
hyundai-fomex|Hyundai Fomex|Hyundai Fomex|general||0|TRUE
hyundai-group|Hyundai Group|Hyundai Group|general||0|TRUE
hyundai-mobis|Hyundai Mobis|Hyundai Mobis|general||0|TRUE
hyundai-motor-company|Hyundai Motor Company|Hyundai Motor Company|general||0|TRUE
hyundai-rotem|Hyundai Rotem|Hyundai Rotem|general||0|TRUE
hyundai-sungwoo-holdings|Hyundai Sungwoo Holdings|Hyundai Sungwoo Holdings|general||0|TRUE
hyundai-transys|Hyundai Transys|Hyundai Transys|general||0|TRUE
iaudio|IAUDIO|IAUDIO|general||0|TRUE
idis-company|IDIS (company)|IDIS (company)|general||0|TRUE
im-financial-group|IM Financial Group|IM Financial Group|general||0|TRUE
inca-internet|INCA Internet|INCA Internet|general||0|TRUE
krcher|Kärcher|Kärcher|general||0|TRUE
kalkhoff|Kalkhoff|Kalkhoff|general||0|TRUE
kapp-niles|Kapp Niles|Kapp Niles|general||0|TRUE
karl-rnisch|Karl Rönisch|Karl Rönisch|general||0|TRUE
kssbohrer-gelndefahrzeug|Kässbohrer Geländefahrzeug|Kässbohrer Geländefahrzeug|general||0|TRUE
kaufland|Kaufland|Kaufland|general||0|TRUE
kaweco|Kaweco|Kaweco|general||0|TRUE
keimfarben|Keimfarben|Keimfarben|general||0|TRUE
kettler|Kettler|Kettler|general||0|TRUE
kienzle-uhren|Kienzle Uhren|Kienzle Uhren|general||0|TRUE
kik|KiK|KiK|general||0|TRUE
kimo-industrie-elektronik-gmbh|KIMO Industrie Elektronik GmbH|KIMO Industrie Elektronik GmbH|general||0|TRUE
kirow-ardelt-gmbh|Kirow Ardelt GmbH|Kirow Ardelt GmbH|general||0|TRUE
kleiner-feigling|Kleiner Feigling|Kleiner Feigling|general||0|TRUE
knauf|Knauf|Knauf|general||0|TRUE
knipex|Knipex|Knipex|general||0|TRUE
knorr-brand|Knorr (brand)|Knorr (brand)|general||0|TRUE
knorr-bremse|Knorr-Bremse|Knorr-Bremse|general||0|TRUE
knox-candles|KNOX (candles)|KNOX (candles)|general||0|TRUE
koenig-bauer|Koenig & Bauer|Koenig & Bauer|general||0|TRUE
industrial-bank-of-korea|Industrial Bank of Korea|Industrial Bank of Korea|general||0|TRUE
infinitt-healthcare|INFINITT Healthcare|INFINITT Healthcare|general||0|TRUE
innospace|Innospace|Innospace|general||0|TRUE
innospark|InnoSpark|InnoSpark|general||0|TRUE
ioniq|Ioniq|Ioniq|general||0|TRUE
iriver|IRiver|IRiver|general||0|TRUE
isaac-toast|Isaac Toast|Isaac Toast|general||0|TRUE
jeju-air|Jeju Air|Jeju Air|general||0|TRUE
jeju-samdasoo|Jeju Samdasoo|Jeju Samdasoo|general||0|TRUE
jin-air|Jin Air|Jin Air|general||0|TRUE
jinwoo-smc|Jinwoo SMC|Jinwoo SMC|general||0|TRUE
joas|Joas|Joas|general||0|TRUE
kr-motors|KR Motors|KR Motors|general||0|TRUE
kakao|Kakao|Kakao|general||0|TRUE
kakaomusic|KakaoMusic|KakaoMusic|general||0|TRUE
kakaostory|KakaoStory|KakaoStory|general||0|TRUE
kakaotalk|KakaoTalk|KakaoTalk|general||0|TRUE
kb-financial-group|KB Financial Group|KB Financial Group|general||0|TRUE
kcc-corporation|KCC Corporation|KCC Corporation|general||0|TRUE
keumyoung-group|Keumyoung Group|Keumyoung Group|general||0|TRUE
moser-glass-company|Moser (glass company)|Moser (glass company)|fashion-luxury||0|TRUE
mr-hare|Mr Hare|Mr Hare|fashion-luxury||0|TRUE
franck-muller|Franck Muller|Franck Muller|fashion-luxury||0|TRUE
mz-wallace|MZ Wallace|MZ Wallace|fashion-luxury||0|TRUE
neiman-marcus|Neiman Marcus|Neiman Marcus|fashion-luxury||0|TRUE
neiman-marcus-group|Neiman Marcus Group|Neiman Marcus Group|fashion-luxury||0|TRUE
nomos-glashtte|Nomos Glashütte|Nomos Glashütte|fashion-luxury||0|TRUE
oche-1867|O'Che 1867|O'Che 1867|fashion-luxury||0|TRUE
the-oberoi-group|The Oberoi Group|The Oberoi Group|fashion-luxury||0|TRUE
oceanfast|Oceanfast|Oceanfast|fashion-luxury||0|TRUE
officine-universelle-buly|Officine Universelle Buly|Officine Universelle Buly|fashion-luxury||0|TRUE
omega-sa|Omega SA|Omega SA|fashion-luxury||0|TRUE
on-cheong-jewellery|On Cheong Jewellery|On Cheong Jewellery|fashion-luxury||0|TRUE
onoto-pens|Onoto pens|Onoto pens|fashion-luxury||0|TRUE
oris|Oris|Oris|fashion-luxury||0|TRUE
overeem-whisky|Overeem Whisky|Overeem Whisky|fashion-luxury||0|TRUE
panerai|Panerai|Panerai|fashion-luxury||0|TRUE
parfums-givenchy|Parfums Givenchy|Parfums Givenchy|fashion-luxury||0|TRUE
partridge-jewellers|Partridge Jewellers|Partridge Jewellers|fashion-luxury||0|TRUE
paspaley|Paspaley|Paspaley|fashion-luxury||0|TRUE
thorens|Thorens|Thorens|general||0|TRUE
threema|Threema|Threema|general||0|TRUE
tornos-ag|Tornos AG|Tornos AG|general||0|TRUE
trisa|Trisa|Trisa|general||0|TRUE
triumph-international|Triumph International|Triumph International|general||0|TRUE
tudor-scan-tech|Tudor Scan Tech|Tudor Scan Tech|general||0|TRUE
u-blox|U-blox|U-blox|general||0|TRUE
unimed-sa|Unimed S.A.|Unimed S.A.|general||0|TRUE
uster-technologies|Uster Technologies|Uster Technologies|general||0|TRUE
veeam|Veeam|Veeam|general||0|TRUE
victoria-jungfrau-collection|Victoria-Jungfrau Collection|Victoria-Jungfrau Collection|general||0|TRUE
victorinox|Victorinox|Victorinox|general||0|TRUE
csl-vifor|CSL Vifor|CSL Vifor|general||0|TRUE
vitol|Vitol|Vitol|general||0|TRUE
vitra-furniture|Vitra (furniture)|Vitra (furniture)|general||0|TRUE
vontobel|Vontobel|Vontobel|general||0|TRUE
vz-holding|VZ Holding|VZ Holding|general||0|TRUE
wenger|Wenger|Wenger|general||0|TRUE
weleda|Weleda|Weleda|general||0|TRUE
wire-software|Wire (software)|Wire (software)|general||0|TRUE
goubuli|Goubuli|Goubuli|general|Unknown|0|TRUE
grand-china-air|Grand China Air|Grand China Air|general|Unknown|0|TRUE
great-wall-motor|Great Wall Motor|Great Wall Motor|general|Unknown|0|TRUE
great-wall-wine|Great Wall Wine|Great Wall Wine|general|Unknown|0|TRUE
gree-electric|Gree Electric|Gree Electric|general|Unknown|0|TRUE
j2o|J2O|J2O|general|Unknown|0|TRUE
jack-wills|Jack Wills|Jack Wills|general|Unknown|0|TRUE
jacks-store|Jack's (store)|Jack's (store)|general|Unknown|0|TRUE
jet-brand|Jet (brand)|Jet (brand)|general|Unknown|0|TRUE
jet2com|Jet2.com|Jet2.com|general|Unknown|0|TRUE
jeyes-fluid|Jeyes Fluid|Jeyes Fluid|general||0|TRUE
jimmy-choo-fashion-house|Jimmy Choo (fashion house)|Jimmy Choo (fashion house)|general||0|TRUE
john-morris-and-sons-salford|John Morris and Sons Salford|John Morris and Sons Salford|general||0|TRUE
jordans-cereal|Jordans (cereal)|Jordans (cereal)|general||0|TRUE
k-cider|K (cider)|K (cider)|general||0|TRUE
kangol|Kangol|Kangol|general||0|TRUE
kcom-group|KCOM Group|KCOM Group|general||0|TRUE
keens|Keen's|Keen's|general||0|TRUE
kent-curwen|Kent & Curwen|Kent & Curwen|general||0|TRUE
keystore|KeyStore|KeyStore|general||0|TRUE
king-and-mcgaw|King and McGaw|King and McGaw|general||0|TRUE
king-of-shaves|King of Shaves|King of Shaves|general||0|TRUE
kleeneze|Kleeneze|Kleeneze|general||0|TRUE
lambs|Lamb's|Lamb's|general||0|TRUE
launer-london|Launer London|Launer London|general||0|TRUE
elena-mir|Elena Mirò|Elena Mirò|general||0|TRUE
eleventy-brand|Eleventy (brand)|Eleventy (brand)|general||0|TRUE
elica|Elica|Elica|general||0|TRUE
elitaliana|Elitaliana|Elitaliana|general||0|TRUE
emak|Emak|Emak|general||0|TRUE
enel|Enel|Enel|general||0|TRUE
enel-x|Enel X|Enel X|general||0|TRUE
energica-motor-company|Energica Motor Company|Energica Motor Company|general||0|TRUE
enervit|Enervit|Enervit|general||0|TRUE
enessere|Enessere|Enessere|general||0|TRUE
eni|Eni|Eni|general||0|TRUE
erg-company|Erg (company)|Erg (company)|general||0|TRUE
ernest-airlines|Ernest Airlines|Ernest Airlines|general||0|TRUE
esaote|Esaote|Esaote|general||0|TRUE
eurotech-company|Eurotech (company)|Eurotech (company)|general||0|TRUE
extrema-ratio-knife|Extrema Ratio (knife)|Extrema Ratio (knife)|general||0|TRUE
fabbri-group|Fabbri Group|Fabbri Group|general||0|TRUE
fabio-perini-company|Fabio Perini (company)|Fabio Perini (company)|general||0|TRUE
facchini-group|Facchini Group|Facchini Group|general||0|TRUE
faema|Faema|Faema|general||0|TRUE
llbean|L.L.Bean|L.L.Bean|sportswear||0|TRUE
le-tigre-clothing-brand|Le Tigre (clothing brand)|Le Tigre (clothing brand)|sportswear||0|TRUE
league-collegiate-wear|League Collegiate Wear|League Collegiate Wear|sportswear||0|TRUE
lee-cooper|Lee Cooper|Lee Cooper|sportswear||0|TRUE
lgr-sportswear|LGR Sportswear|LGR Sportswear|sportswear||0|TRUE
limited-edition-sportswear|Limited Edition Sportswear|Limited Edition Sportswear|sportswear||0|TRUE
lonsdale-clothing|Lonsdale (clothing)|Lonsdale (clothing)|sportswear||0|TRUE
looptworks|Looptworks|Looptworks|sportswear||0|TRUE
lorna-jane|Lorna Jane|Lorna Jane|sportswear||0|TRUE
loudmouth-golf|Loudmouth Golf|Loudmouth Golf|sportswear||0|TRUE
luanvi|Luanvi|Luanvi|sportswear||0|TRUE
lululemon|Lululemon|Lululemon|sportswear||0|TRUE
macron-sportswear|Macron (sportswear)|Macron (sportswear)|sportswear||0|TRUE
majestic-athletic|Majestic Athletic|Majestic Athletic|sportswear||0|TRUE
marathon-sports|Marathon Sports|Marathon Sports|sportswear||0|TRUE
la-martina|La Martina|La Martina|sportswear||0|TRUE
marucci-sports|Marucci Sports|Marucci Sports|sportswear||0|TRUE
maverik-lacrosse|Maverik Lacrosse|Maverik Lacrosse|sportswear||0|TRUE
melanzana-clothing-brand|Melanzana (clothing brand)|Melanzana (clothing brand)|sportswear||0|TRUE
metal-mulisha|Metal Mulisha|Metal Mulisha|sportswear||0|TRUE
conforama|Conforama|Conforama|general|Unknown|0|TRUE
constellium|Constellium|Constellium|general|Unknown|0|TRUE
la-cornue|La Cornue|La Cornue|general|Unknown|0|TRUE
corre-la-licorne|Corre La Licorne|Corre La Licorne|general|Unknown|0|TRUE
courvoisier|Courvoisier|Courvoisier|general|Unknown|0|TRUE
crdit-agricole|Crédit Agricole|Crédit Agricole|general||0|TRUE
crdit-mutuel|Crédit Mutuel|Crédit Mutuel|general||0|TRUE
creed-perfume-house|Creed (perfume house)|Creed (perfume house)|general||0|TRUE
croizet|Croizet|Croizet|general||0|TRUE
cs-communication-systmes|CS Communication & Systèmes|CS Communication & Systèmes|general||0|TRUE
cycles-peugeot|Cycles Peugeot|Cycles Peugeot|general||0|TRUE
cyfac|Cyfac|Cyfac|general||0|TRUE
daher|Daher|Daher|general||0|TRUE
dailymotion|Dailymotion|Dailymotion|general||0|TRUE
dane-elec|Dane-Elec|Dane-Elec|general||0|TRUE
dangel|Dangel|Dangel|general||0|TRUE
daniel-hechter-paris|Daniel Hechter Paris|Daniel Hechter Paris|general||0|TRUE
danone|Danone|Danone|general||0|TRUE
dashlane|Dashlane|Dashlane|general||0|TRUE
dassault-group|Dassault Group|Dassault Group|general||0|TRUE
patchi|Patchi|Patchi|fashion-luxury|Unknown|0|TRUE
patria-watchmaker|Patria (watchmaker)|Patria (watchmaker)|fashion-luxury|Unknown|0|TRUE
patrickmavros|PatrickMavros|PatrickMavros|fashion-luxury|Unknown|0|TRUE
paul-evans-brand|Paul Evans (brand)|Paul Evans (brand)|fashion-luxury|Unknown|0|TRUE
paul-stuart|Paul Stuart|Paul Stuart|fashion-luxury|Unknown|0|TRUE
pc-jeweller|PC Jeweller|PC Jeweller|fashion-luxury|Unknown|0|TRUE
penfolds|Penfolds|Penfolds|fashion-luxury|Unknown|0|TRUE
penfolds-grange|Penfolds Grange|Penfolds Grange|fashion-luxury|Unknown|0|TRUE
penhaligons|Penhaligon's|Penhaligon's|fashion-luxury|Unknown|0|TRUE
abraham-louis-perrelet|Abraham-Louis Perrelet|Abraham-Louis Perrelet|fashion-luxury|Unknown|0|TRUE
persol|Persol|Persol|fashion-luxury||0|TRUE
petrossian-business|Petrossian (business)|Petrossian (business)|fashion-luxury||0|TRUE
chteau-ptrus|Château Pétrus|Château Pétrus|fashion-luxury||0|TRUE
piaget-sa|Piaget SA|Piaget SA|fashion-luxury||0|TRUE
octavio-pizarro|Octavio Pizarro|Octavio Pizarro|fashion-luxury||0|TRUE
polne|Polène|Polène|fashion-luxury||0|TRUE
henry-poole-co|Henry Poole & Co|Henry Poole & Co|fashion-luxury||0|TRUE
porsche-design|Porsche Design|Porsche Design|fashion-luxury||0|TRUE
preciosa-corporation|Preciosa (corporation)|Preciosa (corporation)|fashion-luxury||0|TRUE
altaneve|Altaneve|Altaneve|fashion-luxury||0|TRUE
koenig-specials|Koenig Specials|Koenig Specials|general|Unknown|0|TRUE
kgel-trailer|Kögel Trailer|Kögel Trailer|general|Unknown|0|TRUE
kolibri-games|Kolibri Games|Kolibri Games|general|Unknown|0|TRUE
kontron|Kontron|Kontron|general|Unknown|0|TRUE
kramer-company|Kramer Company|Kramer Company|general|Unknown|0|TRUE
krups|Krups|Krups|general||0|TRUE
ksb-se-co-kgaa|KSB SE & Co. KGaA|KSB SE & Co. KGaA|general||0|TRUE
kuemmerling|Kuemmerling|Kuemmerling|general||0|TRUE
kw-automotive|KW Automotive|KW Automotive|general||0|TRUE
laco-uhrenmanufaktur|Laco Uhrenmanufaktur|Laco Uhrenmanufaktur|general||0|TRUE
lamy|Lamy|Lamy|general||0|TRUE
landbell|Landbell|Landbell|general||0|TRUE
lang-heyne|Lang & Heyne|Lang & Heyne|general||0|TRUE
lanxess|Lanxess|Lanxess|general||0|TRUE
lauterbacher-tropfen|Lauterbacher Tropfen|Lauterbacher Tropfen|general||0|TRUE
lawo|Lawo|Lawo|general|Unknown|0|TRUE
leav-aviation|LEAV Aviation|LEAV Aviation|general|Unknown|0|TRUE
ledlenser|Ledlenser|Ledlenser|general|Unknown|0|TRUE
ledvance|Ledvance|Ledvance|general|Unknown|0|TRUE
leica-camera|Leica Camera|Leica Camera|general|Unknown|0|TRUE
ong-shunmugam|Ong Shunmugam|Ong Shunmugam|fashion|Unknown|0|TRUE
orca-company|Orca (company)|Orca (company)|fashion|Unknown|0|TRUE
paule-ka|Paule Ka|Paule Ka|fashion|Unknown|0|TRUE
pedro-del-hierro-brand|Pedro del Hierro (brand)|Pedro del Hierro (brand)|fashion|Unknown|0|TRUE
pendleton-woolen-mills|Pendleton Woolen Mills|Pendleton Woolen Mills|fashion|Unknown|0|TRUE
pepe-jeans|Pepe Jeans|Pepe Jeans|fashion|Unknown|0|TRUE
polly-flinders|Polly Flinders|Polly Flinders|fashion|Unknown|0|TRUE
ramsey-retailer|Ramsey (retailer)|Ramsey (retailer)|fashion|Unknown|0|TRUE
rastah|Rastah|Rastah|fashion|Unknown|0|TRUE
real-gold|Real Gold|Real Gold|fashion|Unknown|0|TRUE
rve-en-vert|Rêve En Vert|Rêve En Vert|fashion|Unknown|0|TRUE
rip-curl|Rip Curl|Rip Curl|fashion|Unknown|0|TRUE
rufskin|Rufskin|Rufskin|fashion|Unknown|0|TRUE
seh-kelly|S.E.H Kelly|S.E.H Kelly|fashion|Unknown|0|TRUE
saint-tropez-brand|Saint Tropez (brand)|Saint Tropez (brand)|fashion|Unknown|0|TRUE
sakis-rouvas-collection|Sakis Rouvas Collection|Sakis Rouvas Collection|fashion||0|TRUE
sandro-paris|Sandro Paris|Sandro Paris|fashion||0|TRUE
ferdinando-sarmi|Ferdinando Sarmi|Ferdinando Sarmi|fashion||0|TRUE
sasuphi|Sasuphi|Sasuphi|fashion||0|TRUE
schiaparelli-fashion-house|Schiaparelli (fashion house)|Schiaparelli (fashion house)|fashion||0|TRUE
leeds-brewery|Leeds Brewery|Leeds Brewery|general||0|TRUE
legal-general|Legal & General|Legal & General|general||0|TRUE
leon-restaurants|Leon Restaurants|Leon Restaurants|general||0|TRUE
john-lewis-partners|John Lewis & Partners|John Lewis & Partners|general||0|TRUE
lipton|Lipton|Lipton|general||0|TRUE
lloyds-of-london|Lloyd's of London|Lloyd's of London|general||0|TRUE
lloyds-bank|Lloyds Bank|Lloyds Bank|general||0|TRUE
james-lock-co|James Lock & Co.|James Lock & Co.|general||0|TRUE
locksmith-animation|Locksmith Animation|Locksmith Animation|general||0|TRUE
londis-united-kingdom|Londis (United Kingdom)|Londis (United Kingdom)|general||0|TRUE
loungers|Loungers|Loungers|general|Unknown|0|TRUE
luna-daily|Luna Daily|Luna Daily|general|Unknown|0|TRUE
lux-soap|Lux (soap)|Lux (soap)|general|Unknown|0|TRUE
lyons-maid|Lyons Maid|Lyons Maid|general|Unknown|0|TRUE
j-lyons-and-co|J. Lyons and Co.|J. Lyons and Co.|general|Unknown|0|TRUE
macklin-motors|Macklin Motors|Macklin Motors|general|Unknown|0|TRUE
macleans-toothpaste|Macleans (toothpaste)|Macleans (toothpaste)|general|Unknown|0|TRUE
made-in-britain-campaign|Made in Britain (campaign)|Made in Britain (campaign)|general|Unknown|0|TRUE
magnet-kitchens|Magnet Kitchens|Magnet Kitchens|general|Unknown|0|TRUE
maine-soft-drinks-ltd|Maine Soft Drinks Ltd|Maine Soft Drinks Ltd|general|Unknown|0|TRUE
imperial-hotel-company|Imperial Hotel (company)|Imperial Hotel (company)|general|Unknown|0|TRUE
impul|Impul|Impul|general|Unknown|0|TRUE
imuraya-confectionery|Imuraya Confectionery|Imuraya Confectionery|general|Unknown|0|TRUE
inax|INAX|INAX|general|Unknown|0|TRUE
inoue-rubber|Inoue Rubber|Inoue Rubber|general|Unknown|0|TRUE
integra-home-theater|Integra Home Theater|Integra Home Theater|general||0|TRUE
intelligent-actuator|Intelligent Actuator|Intelligent Actuator|general||0|TRUE
iris-ohyama|Iris Ohyama|Iris Ohyama|general||0|TRUE
isehan-cosmetics|Isehan Cosmetics|Isehan Cosmetics|general||0|TRUE
iseki|Iseki|Iseki|general||0|TRUE
isetan|Isetan|Isetan|general||0|TRUE
ishida-company|Ishida (company)|Ishida (company)|general||0|TRUE
ispace-inc|Ispace Inc.|Ispace Inc.|general||0|TRUE
ito-en|Ito En|Ito En|general||0|TRUE
ito-yokado|Ito-Yokado|Ito-Yokado|general||0|TRUE
iwatsu-electric|Iwatsu Electric|Iwatsu Electric|general|Unknown|0|TRUE
j-air|J-Air|J-Air|general|Unknown|0|TRUE
janome|Janome|Janome|general|Unknown|0|TRUE
japan-airlines|Japan Airlines|Japan Airlines|general|Unknown|0|TRUE
japan-post-bank|Japan Post Bank|Japan Post Bank|general|Unknown|0|TRUE
toms-shoes|Toms Shoes|Toms Shoes|fashion||0|TRUE
tredair|Tredair|Tredair|fashion||0|TRUE
trickers|Tricker's|Tricker's|fashion||0|TRUE
troentorp-clogs|Troentorp Clogs|Troentorp Clogs|fashion||0|TRUE
ugg-brand|UGG (brand)|UGG (brand)|fashion||0|TRUE
unification-shoes|Unification Shoes|Unification Shoes|fashion||0|TRUE
united-nude|United Nude|United Nude|fashion||0|TRUE
van-lier-shoe-company|Van Lier (shoe company)|Van Lier (shoe company)|fashion||0|TRUE
veja-brand|Veja (brand)|Veja (brand)|fashion||0|TRUE
veldskoen-shoes|Veldskoen Shoes|Veldskoen Shoes|fashion||0|TRUE
veritas-bespoke|Veritas Bespoke|Veritas Bespoke|fashion||0|TRUE
vibram|Vibram|Vibram|fashion||0|TRUE
volley-shoe|Volley (shoe)|Volley (shoe)|fashion||0|TRUE
walk-over-shoes|Walk-Over shoes|Walk-Over shoes|fashion||0|TRUE
warrix-sports|Warrix Sports|Warrix Sports|fashion||0|TRUE
stuart-weitzman|Stuart Weitzman|Stuart Weitzman|fashion||0|TRUE
j-m-weston|J. M. Weston|J. M. Weston|fashion||0|TRUE
wildsmith-shoes|Wildsmith Shoes|Wildsmith Shoes|fashion||0|TRUE
world-balance|World Balance|World Balance|fashion||0|TRUE
xtep|Xtep|Xtep|fashion||0|TRUE
leica-microsystems|Leica Microsystems|Leica Microsystems|general||0|TRUE
leidolf|Leidolf|Leidolf|general||0|TRUE
leifheit|Leifheit|Leifheit|general||0|TRUE
leoni-ag|Leoni AG|Leoni AG|general||0|TRUE
lewa|LEWA|LEWA|general||0|TRUE
lidl|Lidl|Lidl|general||0|TRUE
lilienthal-berlin|Lilienthal Berlin|Lilienthal Berlin|general||0|TRUE
linde-hydraulics|Linde Hydraulics|Linde Hydraulics|general||0|TRUE
liqui-moly|Liqui Moly|Liqui Moly|general||0|TRUE
loesche|Loesche|Loesche|general||0|TRUE
loewe-electronics|Loewe (electronics)|Loewe (electronics)|general||0|TRUE
lohmann-rauscher|Lohmann & Rauscher|Lohmann & Rauscher|general||0|TRUE
lwe-automobil|Löwe Automobil|Löwe Automobil|general||0|TRUE
lufthansa-technik|Lufthansa Technik|Lufthansa Technik|general||0|TRUE
lrssen|Lürssen|Lürssen|general||0|TRUE
mrklin|Märklin|Märklin|general||0|TRUE
mafell|Mafell|Mafell|general||0|TRUE
magirus|Magirus|Magirus|general||0|TRUE
mahle-gmbh|Mahle GmbH|Mahle GmbH|general||0|TRUE
man-se|MAN SE|MAN SE|general||0|TRUE
yohji-yamamoto|Yohji Yamamoto|Yohji Yamamoto|fashion||0|TRUE
yull-shoes|Yull Shoes|Yull Shoes|fashion||0|TRUE
giuseppe-zanotti|Giuseppe Zanotti|Giuseppe Zanotti|fashion||0|TRUE
zara-retailer|Zara (retailer)|Zara (retailer)|fashion||0|TRUE
rayonier-advanced-materials|Rayonier Advanced Materials|Rayonier Advanced Materials|general||0|TRUE
resource-pro|ReSource Pro|ReSource Pro|general||0|TRUE
retailmenot|RetailMeNot|RetailMeNot|general||0|TRUE
rival-software-company|Rival (software company)|Rival (software company)|general||0|TRUE
rpm-international|RPM International|RPM International|general||0|TRUE
rtx-corporation|RTX Corporation|RTX Corporation|general||0|TRUE
rxall|RxAll|RxAll|general||0|TRUE
sams-club|Sam's Club|Sam's Club|general||0|TRUE
sbarro|Sbarro|Sbarro|general||0|TRUE
scientology|Scientology|Scientology|general||0|TRUE
seaman-paper|Seaman Paper|Seaman Paper|general||0|TRUE
showtime-networks|Showtime Networks|Showtime Networks|general||0|TRUE
silverfort|Silverfort|Silverfort|general||0|TRUE
ssc-technologies|SS&C Technologies|SS&C Technologies|general||0|TRUE
supermicro|Supermicro|Supermicro|general||0|TRUE
sykes-enterprises|Sykes Enterprises|Sykes Enterprises|general||0|TRUE
sysco|Sysco|Sysco|general|Unknown|0|TRUE
tech-data|Tech Data|Tech Data|general|Unknown|0|TRUE
tenneco|Tenneco|Tenneco|general|Unknown|0|TRUE
tesla-inc|Tesla, Inc.|Tesla, Inc.|general|Unknown|0|TRUE
tmi-group-of-companies|TMI Group of Companies|TMI Group of Companies|general|Unknown|0|TRUE
treehouse-foods|TreeHouse Foods|TreeHouse Foods|general|Unknown|0|TRUE
trend-technologies|Trend Technologies|Trend Technologies|general|Unknown|0|TRUE
trico|Trico|Trico|general|Unknown|0|TRUE
triumph-group|Triumph Group|Triumph Group|general|Unknown|0|TRUE
tupperware-brands|Tupperware Brands|Tupperware Brands|general|Unknown|0|TRUE
turner-broadcasting-system|Turner Broadcasting System|Turner Broadcasting System|general||0|TRUE
twg-global|TWG Global|TWG Global|general||0|TRUE
twitter-inc|Twitter, Inc.|Twitter, Inc.|general||0|TRUE
tyson-foods|Tyson Foods|Tyson Foods|general||0|TRUE
ukg|UKG|UKG|general||0|TRUE
ulbrich-company|Ulbrich (company)|Ulbrich (company)|general||0|TRUE
union-carbide|Union Carbide|Union Carbide|general||0|TRUE
union-pacific-corporation|Union Pacific Corporation|Union Pacific Corporation|general||0|TRUE
united-parcel-service|United Parcel Service|United Parcel Service|general||0|TRUE
united-technologies|United Technologies|United Technologies|general||0|TRUE
japan-post-holdings|Japan Post Holdings|Japan Post Holdings|general|Unknown|0|TRUE
japan-radio-company|Japan Radio Company|Japan Radio Company|general|Unknown|0|TRUE
japan-railways-group|Japan Railways Group|Japan Railways Group|general|Unknown|0|TRUE
japan-remote-control|Japan Remote Control|Japan Remote Control|general|Unknown|0|TRUE
japan-transport-engineering-company|Japan Transport Engineering Company|Japan Transport Engineering Company|general|Unknown|0|TRUE
jatco|JATCO|JATCO|general||0|TRUE
jcas-airways|JCAS Airways|JCAS Airways|general||0|TRUE
jeol|JEOL|JEOL|general||0|TRUE
jfe-holdings|JFE Holdings|JFE Holdings|general||0|TRUE
jfe-steel|JFE Steel|JFE Steel|general||0|TRUE
jintan-japanese-medicine|Jintan (Japanese medicine)|Jintan (Japanese medicine)|general||0|TRUE
jtekt|JTEKT|JTEKT|general||0|TRUE
juki|Juki|Juki|general||0|TRUE
justsystems|JustSystems|JustSystems|general||0|TRUE
jvc|JVC|JVC|general||0|TRUE
k-line|K Line|K Line|general|Unknown|0|TRUE
kabaya|Kabaya|Kabaya|general|Unknown|0|TRUE
kadokawa-corporation|Kadokawa Corporation|Kadokawa Corporation|general|Unknown|0|TRUE
kadokawa-future-publishing|Kadokawa Future Publishing|Kadokawa Future Publishing|general|Unknown|0|TRUE
kagome-company|Kagome (company)|Kagome (company)|general|Unknown|0|TRUE
manheimer-berlin|Manheimer Berlin|Manheimer Berlin|general||0|TRUE
mankenberg|Mankenberg|Mankenberg|general||0|TRUE
mannhummel|Mann+Hummel|Mann+Hummel|general||0|TRUE
manroland|Manroland|Manroland|general||0|TRUE
mansory|Mansory|Mansory|general||0|TRUE
manz|Manz|Manz|general||0|TRUE
martinbauer|MartinBauer|MartinBauer|general||0|TRUE
mast-jgermeister|Mast-Jägermeister|Mast-Jägermeister|general||0|TRUE
murer-wirtz|Mäurer & Wirtz|Mäurer & Wirtz|general||0|TRUE
max-bgl|Max Bögl|Max Bögl|general||0|TRUE
maxdata|Maxdata|Maxdata|general||0|TRUE
maybach|Maybach|Maybach|general||0|TRUE
mckesson-europe|McKesson Europe|McKesson Europe|general||0|TRUE
mcm-worldwide|MCM Worldwide|MCM Worldwide|general||0|TRUE
mediamarkt|MediaMarkt|MediaMarkt|general||0|TRUE
meinl-percussion|Meinl Percussion|Meinl Percussion|general||0|TRUE
mennekes|Mennekes|Mennekes|general||0|TRUE
mercedes-amg|Mercedes-AMG|Mercedes-AMG|general||0|TRUE
mercedes-benz-group|Mercedes-Benz Group|Mercedes-Benz Group|general||0|TRUE
merci-candy|Merci (candy)|Merci (candy)|general||0|TRUE
asics|Asics|Asics|general||0|TRUE
fancl-corporation|FANCL Corporation|FANCL Corporation|general||0|TRUE
fenrir-inc|Fenrir Inc|Fenrir Inc|general||0|TRUE
fire-emblem|Fire Emblem|Fire Emblem|general||0|TRUE
first-kitchen|First Kitchen|First Kitchen|general||0|TRUE
for-a|FOR-A|FOR-A|general||0|TRUE
fostex|Fostex|Fostex|general||0|TRUE
fove|Fove|Fove|general||0|TRUE
honda|Honda|Honda|general||0|TRUE
kaiyodo|Kaiyodo|Kaiyodo|general||0|TRUE
kajima|Kajima|Kajima|general||0|TRUE
kanadevia|Kanadevia|Kanadevia|general||0|TRUE
kaneka-corporation|Kaneka Corporation|Kaneka Corporation|general||0|TRUE
kansai-paint|Kansai Paint|Kansai Paint|general||0|TRUE
kao-corporation|Kao Corporation|Kao Corporation|general||0|TRUE
kato-precision-railroad-models|Kato Precision Railroad Models|Kato Precision Railroad Models|general||0|TRUE
kawai-musical-instruments|Kawai Musical Instruments|Kawai Musical Instruments|general||0|TRUE
kawasaki-bicycle-brand|Kawasaki (bicycle brand)|Kawasaki (bicycle brand)|general||0|TRUE
kawasaki-aerospace-systems-company|Kawasaki Aerospace Systems Company|Kawasaki Aerospace Systems Company|general||0|TRUE
kddi|KDDI|KDDI|general||0|TRUE
bbc|BBC|BBC|general||0|TRUE
bentley|Bentley|Bentley|general||0|TRUE
british-airways|British Airways|British Airways|general||0|TRUE
burberry|Burberry|Burberry|general||0|TRUE
durex|Durex|Durex|general||0|TRUE
maistro|Maistro|Maistro|general||0|TRUE
majority-audio|Majority Audio|Majority Audio|general||0|TRUE
mandate-aftershave|Mandate (aftershave)|Mandate (aftershave)|general||0|TRUE
mco|M&Co.|M&Co.|general||0|TRUE
mandm-direct|MandM Direct|MandM Direct|general||0|TRUE
megger|Megger|Megger|general||0|TRUE
mellor-bus|Mellor Bus|Mellor Bus|general||0|TRUE
merlin-publishing|Merlin Publishing|Merlin Publishing|general||0|TRUE
mg-sports-and-racing-europe|MG Sports and Racing Europe|MG Sports and Racing Europe|general||0|TRUE
mg-xpower|MG XPower|MG XPower|general||0|TRUE
michell-instruments|Michell Instruments|Michell Instruments|general||0|TRUE
micro-focus|Micro Focus|Micro Focus|general||0|TRUE
microcosm-ltd|Microcosm Ltd|Microcosm Ltd|general||0|TRUE
midmeds|MidMeds|MidMeds|general||0|TRUE
ministry-of-sound|Ministry of Sound|Ministry of Sound|general||0|TRUE
minky|Minky|Minky|general||0|TRUE
molton-brown|Molton Brown|Molton Brown|general||0|TRUE
monarch-airlines|Monarch Airlines|Monarch Airlines|general||0|TRUE
moonpig|Moonpig|Moonpig|general||0|TRUE
morleys|Morley's|Morley's|general||0|TRUE
morphy-richards|Morphy Richards|Morphy Richards|general||0|TRUE
david-morris-jeweller|David Morris (jeweller)|David Morris (jeweller)|general||0|TRUE
morrisons|Morrisons|Morrisons|general||0|TRUE
mothercare|Mothercare|Mothercare|general||0|TRUE
motor-manufacturing-company|Motor Manufacturing Company|Motor Manufacturing Company|general||0|TRUE
3m|3M|3M|general||0|TRUE
7-eleven|7-Eleven|7-Eleven|general||0|TRUE
bank-of-america|Bank of America|Bank of America|general||0|TRUE
cisco|Cisco|Cisco|general||0|TRUE
dell|Dell|Dell|general||0|TRUE
google|Google|Google|general||0|TRUE
hewlett-packard|Hewlett-Packard|Hewlett-Packard|general||0|TRUE
ibm|IBM|IBM|general||0|TRUE
intel|Intel|Intel|general||0|TRUE
johnson-johnson|Johnson & Johnson|Johnson & Johnson|general||0|TRUE
kfc|KFC|KFC|general||0|TRUE
liveops|Liveops|Liveops|general||0|TRUE
mastercard|Mastercard|Mastercard|general||0|TRUE
microsoft|Microsoft|Microsoft|general||0|TRUE
pepsico|PepsiCo|PepsiCo|general||0|TRUE
procter-gamble|Procter & Gamble|Procter & Gamble|general||0|TRUE
starbucks|Starbucks|Starbucks|general||0|TRUE
vagaro|Vagaro|Vagaro|general||0|TRUE
vedette-shapewear|Vedette Shapewear|Vedette Shapewear|general||0|TRUE
verbling|Verbling|Verbling|general||0|TRUE
kdk|KDK|KDK|general||0|TRUE
keihin-corporation|Keihin Corporation|Keihin Corporation|general||0|TRUE
kenko-company|Kenko (company)|Kenko (company)|general||0|TRUE
kenwood-corporation|Kenwood Corporation|Kenwood Corporation|general||0|TRUE
keyence|Keyence|Keyence|general||0|TRUE
kikkoman|Kikkoman|Kikkoman|general||0|TRUE
kikuoka-chinese-medicine|Kikuoka Chinese Medicine|Kikuoka Chinese Medicine|general||0|TRUE
kinunken|Kin'unken|Kin'unken|general||0|TRUE
kinki-sharyo|Kinki Sharyo|Kinki Sharyo|general||0|TRUE
kintetsu-world-express|Kintetsu World Express|Kintetsu World Express|general||0|TRUE
kioxia|Kioxia|Kioxia|general||0|TRUE
kiramek|Kiramek|Kiramek|general||0|TRUE
kirin-company|Kirin Company|Kirin Company|general||0|TRUE
kissui|Kissui|Kissui|general||0|TRUE
ko-propo|KO PROPO|KO PROPO|general||0|TRUE
koa-corporation|KOA Corporation|KOA Corporation|general||0|TRUE
kobe-steel|Kobe Steel|Kobe Steel|general||0|TRUE
kodansha|Kodansha|Kodansha|general||0|TRUE
kodenshi-auk-group|Kodenshi AUK Group|Kodenshi AUK Group|general||0|TRUE
komamura-corporation|Komamura Corporation|Komamura Corporation|general||0|TRUE
komatsu-limited|Komatsu Limited|Komatsu Limited|general||0|TRUE
komori|Komori|Komori|general||0|TRUE
konami|Konami|Konami|general||0|TRUE
konica-minolta|Konica Minolta|Konica Minolta|general||0|TRUE
konigs-krone|Konigs-Krone|Konigs-Krone|general||0|TRUE
korg|Korg|Korg|general||0|TRUE
korin-japanese-trading-company|Korin Japanese Trading Company|Korin Japanese Trading Company|general||0|TRUE
kos|Kosé|Kosé|general||0|TRUE
kowa-company|Kowa (company)|Kowa (company)|general||0|TRUE
koyo-seiko|Koyo Seiko|Koyo Seiko|general||0|TRUE
